identifier,template_id,manipulation,split,template_split,entity_split,agent,recipient,event,changed_field,base,paraphrase,counterfactual,base_paraphrase_unigram_jaccard,base_paraphrase_unigram_multiset_f1,base_paraphrase_bigram_jaccard,base_paraphrase_edit_similarity,base_paraphrase_structural_edit_similarity,base_paraphrase_token_count,base_paraphrase_length_difference,base_counterfactual_unigram_jaccard,base_counterfactual_unigram_multiset_f1,base_counterfactual_bigram_jaccard,base_counterfactual_edit_similarity,base_counterfactual_structural_edit_similarity,base_counterfactual_token_count,base_counterfactual_length_difference,absolute_unigram_jaccard_gap,absolute_unigram_multiset_f1_gap,absolute_bigram_jaccard_gap,absolute_edit_similarity_gap,absolute_structural_edit_similarity_gap,absolute_length_difference_gap,match_score
agent_recipient_style_0_000,agent_recipient_style_0,agent_recipient,dev,dev,dev,Ava,Farid,give,agent_recipient,Ava gave Farid the key because he was locked out.,"Because Farid was locked out, Ava gave him the key.","Because Ava was locked out, Farid gave her the key.",0.8181818181818182,0.9,0.2857142857142857,0.0,0.09999999999999998,10.0,0.0,0.8181818181818182,0.9,0.2,0.0,0.09999999999999998,10.0,0.0,0.0,0.0,0.08571428571428569,0.0,0.0,0.0,0.08571428571428569
agent_recipient_style_0_001,agent_recipient_style_0,agent_recipient,dev,dev,dev,Ben,Grace,give,agent_recipient,Ben gave Grace the map because she was locked out.,"Because Grace was locked out, Ben gave her the map.","Because Ben was locked out, Grace gave him the map.",0.8181818181818182,0.9,0.2857142857142857,0.0,0.09999999999999998,10.0,0.0,0.8181818181818182,0.9,0.2,0.0,0.09999999999999998,10.0,0.0,0.0,0.0,0.08571428571428569,0.0,0.0,0.0,0.08571428571428569
agent_recipient_style_0_002,agent_recipient_style_0,agent_recipient,dev,dev,dev,Clara,Hugo,give,agent_recipient,Clara gave Hugo the torch because he was locked out.,"Because Hugo was locked out, Clara gave him the torch.","Because Clara was locked out, Hugo gave her the torch.",0.8181818181818182,0.9,0.2857142857142857,0.0,0.09999999999999998,10.0,0.0,0.8181818181818182,0.9,0.2,0.0,0.09999999999999998,10.0,0.0,0.0,0.0,0.08571428571428569,0.0,0.0,0.0,0.08571428571428569
agent_recipient_style_0_003,agent_recipient_style_0,agent_recipient,dev,dev,dev,Diego,Inez,give,agent_recipient,Diego gave Inez the package because she was locked out.,"Because Inez was locked out, Diego gave her the package.","Because Diego was locked out, Inez gave him the package.",0.8181818181818182,0.9,0.2857142857142857,0.0,0.09999999999999998,10.0,0.0,0.8181818181818182,0.9,0.2,0.0,0.09999999999999998,10.0,0.0,0.0,0.0,0.08571428571428569,0.0,0.0,0.0,0.08571428571428569
agent_recipient_style_0_004,agent_recipient_style_0,agent_recipient,dev,dev,dev,Elena,Jonah,give,agent_recipient,Elena gave Jonah the note because he was locked out.,"Because Jonah was locked out, Elena gave him the note.","Because Elena was locked out, Jonah gave her the note.",0.8181818181818182,0.9,0.2857142857142857,0.0,0.09999999999999998,10.0,0.0,0.8181818181818182,0.9,0.2,0.0,0.09999999999999998,10.0,0.0,0.0,0.0,0.08571428571428569,0.0,0.0,0.0,0.08571428571428569
agent_recipient_style_0_005,agent_recipient_style_0,agent_recipient,dev,dev,dev,Farid,Keira,give,agent_recipient,Farid gave Keira the key because she was locked out.,"Because Keira was locked out, Farid gave her the key.","Because Farid was locked out, Keira gave him the key.",0.8181818181818182,0.9,0.2857142857142857,0.0,0.09999999999999998,10.0,0.0,0.8181818181818182,0.9,0.2,0.0,0.09999999999999998,10.0,0.0,0.0,0.0,0.08571428571428569,0.0,0.0,0.0,0.08571428571428569
agent_recipient_style_0_006,agent_recipient_style_0,agent_recipient,dev,dev,dev,Grace,Liam,give,agent_recipient,Grace gave Liam the map because he was locked out.,"Because Liam was locked out, Grace gave him the map.","Because Grace was locked out, Liam gave her the map.",0.8181818181818182,0.9,0.2857142857142857,0.0,0.09999999999999998,10.0,0.0,0.8181818181818182,0.9,0.2,0.0,0.09999999999999998,10.0,0.0,0.0,0.0,0.08571428571428569,0.0,0.0,0.0,0.08571428571428569
agent_recipient_style_0_007,agent_recipient_style_0,agent_recipient,dev,dev,dev,Hugo,Maya,give,agent_recipient,Hugo gave Maya the torch because she was locked out.,"Because Maya was locked out, Hugo gave her the torch.","Because Hugo was locked out, Maya gave him the torch.",0.8181818181818182,0.9,0.2857142857142857,0.0,0.09999999999999998,10.0,0.0,0.8181818181818182,0.9,0.2,0.0,0.09999999999999998,10.0,0.0,0.0,0.0,0.08571428571428569,0.0,0.0,0.0,0.08571428571428569
agent_recipient_style_0_008,agent_recipient_style_0,agent_recipient,dev,dev,dev,Inez,Noah,give,agent_recipient,Inez gave Noah the package because he was locked out.,"Because Noah was locked out, Inez gave him the package.","Because Inez was locked out, Noah gave her the package.",0.8181818181818182,0.9,0.2857142857142857,0.0,0.09999999999999998,10.0,0.0,0.8181818181818182,0.9,0.2,0.0,0.09999999999999998,10.0,0.0,0.0,0.0,0.08571428571428569,0.0,0.0,0.0,0.08571428571428569
agent_recipient_style_0_009,agent_recipient_style_0,agent_recipient,dev,dev,dev,Jonah,Ava,give,agent_recipient,Jonah gave Ava the note because she was locked out.,"Because Ava was locked out, Jonah gave her the note.","Because Jonah was locked out, Ava gave him the note.",0.8181818181818182,0.9,0.2857142857142857,0.0,0.09999999999999998,10.0,0.0,0.8181818181818182,0.9,0.2,0.0,0.09999999999999998,10.0,0.0,0.0,0.0,0.08571428571428569,0.0,0.0,0.0,0.08571428571428569
agent_recipient_style_0_010,agent_recipient_style_0,agent_recipient,dev,dev,dev,Keira,Ben,give,agent_recipient,Keira gave Ben the key because he was locked out.,"Because Ben was locked out, Keira gave him the key.","Because Keira was locked out, Ben gave her the key.",0.8181818181818182,0.9,0.2857142857142857,0.0,0.09999999999999998,10.0,0.0,0.8181818181818182,0.9,0.2,0.0,0.09999999999999998,10.0,0.0,0.0,0.0,0.08571428571428569,0.0,0.0,0.0,0.08571428571428569
agent_recipient_style_0_011,agent_recipient_style_0,agent_recipient,dev,dev,dev,Liam,Clara,give,agent_recipient,Liam gave Clara the map because she was locked out.,"Because Clara was locked out, Liam gave her the map.","Because Liam was locked out, Clara gave him the map.",0.8181818181818182,0.9,0.2857142857142857,0.0,0.09999999999999998,10.0,0.0,0.8181818181818182,0.9,0.2,0.0,0.09999999999999998,10.0,0.0,0.0,0.0,0.08571428571428569,0.0,0.0,0.0,0.08571428571428569
agent_recipient_style_0_012,agent_recipient_style_0,agent_recipient,dev,dev,dev,Maya,Diego,give,agent_recipient,Maya gave Diego the torch because he was locked out.,"Because Diego was locked out, Maya gave him the torch.","Because Maya was locked out, Diego gave her the torch.",0.8181818181818182,0.9,0.2857142857142857,0.0,0.09999999999999998,10.0,0.0,0.8181818181818182,0.9,0.2,0.0,0.09999999999999998,10.0,0.0,0.0,0.0,0.08571428571428569,0.0,0.0,0.0,0.08571428571428569
agent_recipient_style_0_013,agent_recipient_style_0,agent_recipient,dev,dev,dev,Noah,Elena,give,agent_recipient,Noah gave Elena the package because she was locked out.,"Because Elena was locked out, Noah gave her the package.","Because Noah was locked out, Elena gave him the package.",0.8181818181818182,0.9,0.2857142857142857,0.0,0.09999999999999998,10.0,0.0,0.8181818181818182,0.9,0.2,0.0,0.09999999999999998,10.0,0.0,0.0,0.0,0.08571428571428569,0.0,0.0,0.0,0.08571428571428569
agent_recipient_style_0_014,agent_recipient_style_0,agent_recipient,test_entity,dev,test,Priya,Victor,give,agent_recipient,Priya gave Victor the note because he was locked out.,"Because Victor was locked out, Priya gave him the note.","Because Priya was locked out, Victor gave her the note.",0.8181818181818182,0.9,0.2857142857142857,0.0,0.09999999999999998,10.0,0.0,0.8181818181818182,0.9,0.2,0.0,0.09999999999999998,10.0,0.0,0.0,0.0,0.08571428571428569,0.0,0.0,0.0,0.08571428571428569
agent_recipient_style_0_015,agent_recipient_style_0,agent_recipient,test_entity,dev,test,Owen,Priya,give,agent_recipient,Owen gave Priya the key because she was locked out.,"Because Priya was locked out, Owen gave her the key.","Because Owen was locked out, Priya gave him the key.",0.8181818181818182,0.9,0.2857142857142857,0.0,0.09999999999999998,10.0,0.0,0.8181818181818182,0.9,0.2,0.0,0.09999999999999998,10.0,0.0,0.0,0.0,0.08571428571428569,0.0,0.0,0.0,0.08571428571428569
agent_recipient_style_0_016,agent_recipient_style_0,agent_recipient,test_entity,dev,test,Rosa,Owen,give,agent_recipient,Rosa gave Owen the map because he was locked out.,"Because Owen was locked out, Rosa gave him the map.","Because Rosa was locked out, Owen gave her the map.",0.8181818181818182,0.9,0.2857142857142857,0.0,0.09999999999999998,10.0,0.0,0.8181818181818182,0.9,0.2,0.0,0.09999999999999998,10.0,0.0,0.0,0.0,0.08571428571428569,0.0,0.0,0.0,0.08571428571428569
agent_recipient_style_0_017,agent_recipient_style_0,agent_recipient,test_entity,dev,test,Theo,Rosa,give,agent_recipient,Theo gave Rosa the torch because she was locked out.,"Because Rosa was locked out, Theo gave her the torch.","Because Theo was locked out, Rosa gave him the torch.",0.8181818181818182,0.9,0.2857142857142857,0.0,0.09999999999999998,10.0,0.0,0.8181818181818182,0.9,0.2,0.0,0.09999999999999998,10.0,0.0,0.0,0.0,0.08571428571428569,0.0,0.0,0.0,0.08571428571428569
agent_recipient_style_0_018,agent_recipient_style_0,agent_recipient,test_entity,dev,test,Uma,Theo,give,agent_recipient,Uma gave Theo the package because he was locked out.,"Because Theo was locked out, Uma gave him the package.","Because Uma was locked out, Theo gave her the package.",0.8181818181818182,0.9,0.2857142857142857,0.0,0.09999999999999998,10.0,0.0,0.8181818181818182,0.9,0.2,0.0,0.09999999999999998,10.0,0.0,0.0,0.0,0.08571428571428569,0.0,0.0,0.0,0.08571428571428569
agent_recipient_style_0_019,agent_recipient_style_0,agent_recipient,test_entity,dev,test,Victor,Uma,give,agent_recipient,Victor gave Uma the note because she was locked out.,"Because Uma was locked out, Victor gave her the note.","Because Victor was locked out, Uma gave him the note.",0.8181818181818182,0.9,0.2857142857142857,0.0,0.09999999999999998,10.0,0.0,0.8181818181818182,0.9,0.2,0.0,0.09999999999999998,10.0,0.0,0.0,0.0,0.08571428571428569,0.0,0.0,0.0,0.08571428571428569
agent_recipient_style_1_000,agent_recipient_style_1,agent_recipient,dev,dev,dev,Ava,Farid,give,agent_recipient,Ava gave Farid the key since he was locked out.,"Since Farid was locked out, Ava gave him the key.","Since Ava was locked out, Farid gave her the key.",0.8181818181818182,0.9,0.2857142857142857,0.0,0.09999999999999998,10.0,0.0,0.8181818181818182,0.9,0.2,0.0,0.09999999999999998,10.0,0.0,0.0,0.0,0.08571428571428569,0.0,0.0,0.0,0.08571428571428569
agent_recipient_style_1_001,agent_recipient_style_1,agent_recipient,dev,dev,dev,Ben,Grace,give,agent_recipient,Ben gave Grace the map since she was locked out.,"Since Grace was locked out, Ben gave her the map.","Since Ben was locked out, Grace gave him the map.",0.8181818181818182,0.9,0.2857142857142857,0.0,0.09999999999999998,10.0,0.0,0.8181818181818182,0.9,0.2,0.0,0.09999999999999998,10.0,0.0,0.0,0.0,0.08571428571428569,0.0,0.0,0.0,0.08571428571428569
agent_recipient_style_1_002,agent_recipient_style_1,agent_recipient,dev,dev,dev,Clara,Hugo,give,agent_recipient,Clara gave Hugo the torch since he was locked out.,"Since Hugo was locked out, Clara gave him the torch.","Since Clara was locked out, Hugo gave her the torch.",0.8181818181818182,0.9,0.2857142857142857,0.0,0.09999999999999998,10.0,0.0,0.8181818181818182,0.9,0.2,0.0,0.09999999999999998,10.0,0.0,0.0,0.0,0.08571428571428569,0.0,0.0,0.0,0.08571428571428569
agent_recipient_style_1_003,agent_recipient_style_1,agent_recipient,dev,dev,dev,Diego,Inez,give,agent_recipient,Diego gave Inez the package since she was locked out.,"Since Inez was locked out, Diego gave her the package.","Since Diego was locked out, Inez gave him the package.",0.8181818181818182,0.9,0.2857142857142857,0.0,0.09999999999999998,10.0,0.0,0.8181818181818182,0.9,0.2,0.0,0.09999999999999998,10.0,0.0,0.0,0.0,0.08571428571428569,0.0,0.0,0.0,0.08571428571428569
agent_recipient_style_1_004,agent_recipient_style_1,agent_recipient,dev,dev,dev,Elena,Jonah,give,agent_recipient,Elena gave Jonah the note since he was locked out.,"Since Jonah was locked out, Elena gave him the note.","Since Elena was locked out, Jonah gave her the note.",0.8181818181818182,0.9,0.2857142857142857,0.0,0.09999999999999998,10.0,0.0,0.8181818181818182,0.9,0.2,0.0,0.09999999999999998,10.0,0.0,0.0,0.0,0.08571428571428569,0.0,0.0,0.0,0.08571428571428569
agent_recipient_style_1_005,agent_recipient_style_1,agent_recipient,dev,dev,dev,Farid,Keira,give,agent_recipient,Farid gave Keira the key since she was locked out.,"Since Keira was locked out, Farid gave her the key.","Since Farid was locked out, Keira gave him the key.",0.8181818181818182,0.9,0.2857142857142857,0.0,0.09999999999999998,10.0,0.0,0.8181818181818182,0.9,0.2,0.0,0.09999999999999998,10.0,0.0,0.0,0.0,0.08571428571428569,0.0,0.0,0.0,0.08571428571428569
agent_recipient_style_1_006,agent_recipient_style_1,agent_recipient,dev,dev,dev,Grace,Liam,give,agent_recipient,Grace gave Liam the map since he was locked out.,"Since Liam was locked out, Grace gave him the map.","Since Grace was locked out, Liam gave her the map.",0.8181818181818182,0.9,0.2857142857142857,0.0,0.09999999999999998,10.0,0.0,0.8181818181818182,0.9,0.2,0.0,0.09999999999999998,10.0,0.0,0.0,0.0,0.08571428571428569,0.0,0.0,0.0,0.08571428571428569
agent_recipient_style_1_007,agent_recipient_style_1,agent_recipient,dev,dev,dev,Hugo,Maya,give,agent_recipient,Hugo gave Maya the torch since she was locked out.,"Since Maya was locked out, Hugo gave her the torch.","Since Hugo was locked out, Maya gave him the torch.",0.8181818181818182,0.9,0.2857142857142857,0.0,0.09999999999999998,10.0,0.0,0.8181818181818182,0.9,0.2,0.0,0.09999999999999998,10.0,0.0,0.0,0.0,0.08571428571428569,0.0,0.0,0.0,0.08571428571428569
agent_recipient_style_1_008,agent_recipient_style_1,agent_recipient,dev,dev,dev,Inez,Noah,give,agent_recipient,Inez gave Noah the package since he was locked out.,"Since Noah was locked out, Inez gave him the package.","Since Inez was locked out, Noah gave her the package.",0.8181818181818182,0.9,0.2857142857142857,0.0,0.09999999999999998,10.0,0.0,0.8181818181818182,0.9,0.2,0.0,0.09999999999999998,10.0,0.0,0.0,0.0,0.08571428571428569,0.0,0.0,0.0,0.08571428571428569
agent_recipient_style_1_009,agent_recipient_style_1,agent_recipient,dev,dev,dev,Jonah,Ava,give,agent_recipient,Jonah gave Ava the note since she was locked out.,"Since Ava was locked out, Jonah gave her the note.","Since Jonah was locked out, Ava gave him the note.",0.8181818181818182,0.9,0.2857142857142857,0.0,0.09999999999999998,10.0,0.0,0.8181818181818182,0.9,0.2,0.0,0.09999999999999998,10.0,0.0,0.0,0.0,0.08571428571428569,0.0,0.0,0.0,0.08571428571428569
agent_recipient_style_1_010,agent_recipient_style_1,agent_recipient,dev,dev,dev,Keira,Ben,give,agent_recipient,Keira gave Ben the key since he was locked out.,"Since Ben was locked out, Keira gave him the key.","Since Keira was locked out, Ben gave her the key.",0.8181818181818182,0.9,0.2857142857142857,0.0,0.09999999999999998,10.0,0.0,0.8181818181818182,0.9,0.2,0.0,0.09999999999999998,10.0,0.0,0.0,0.0,0.08571428571428569,0.0,0.0,0.0,0.08571428571428569
agent_recipient_style_1_011,agent_recipient_style_1,agent_recipient,dev,dev,dev,Liam,Clara,give,agent_recipient,Liam gave Clara the map since she was locked out.,"Since Clara was locked out, Liam gave her the map.","Since Liam was locked out, Clara gave him the map.",0.8181818181818182,0.9,0.2857142857142857,0.0,0.09999999999999998,10.0,0.0,0.8181818181818182,0.9,0.2,0.0,0.09999999999999998,10.0,0.0,0.0,0.0,0.08571428571428569,0.0,0.0,0.0,0.08571428571428569
agent_recipient_style_1_012,agent_recipient_style_1,agent_recipient,dev,dev,dev,Maya,Diego,give,agent_recipient,Maya gave Diego the torch since he was locked out.,"Since Diego was locked out, Maya gave him the torch.","Since Maya was locked out, Diego gave her the torch.",0.8181818181818182,0.9,0.2857142857142857,0.0,0.09999999999999998,10.0,0.0,0.8181818181818182,0.9,0.2,0.0,0.09999999999999998,10.0,0.0,0.0,0.0,0.08571428571428569,0.0,0.0,0.0,0.08571428571428569
agent_recipient_style_1_013,agent_recipient_style_1,agent_recipient,dev,dev,dev,Noah,Elena,give,agent_recipient,Noah gave Elena the package since she was locked out.,"Since Elena was locked out, Noah gave her the package.","Since Noah was locked out, Elena gave him the package.",0.8181818181818182,0.9,0.2857142857142857,0.0,0.09999999999999998,10.0,0.0,0.8181818181818182,0.9,0.2,0.0,0.09999999999999998,10.0,0.0,0.0,0.0,0.08571428571428569,0.0,0.0,0.0,0.08571428571428569
agent_recipient_style_1_014,agent_recipient_style_1,agent_recipient,test_entity,dev,test,Priya,Victor,give,agent_recipient,Priya gave Victor the note since he was locked out.,"Since Victor was locked out, Priya gave him the note.","Since Priya was locked out, Victor gave her the note.",0.8181818181818182,0.9,0.2857142857142857,0.0,0.09999999999999998,10.0,0.0,0.8181818181818182,0.9,0.2,0.0,0.09999999999999998,10.0,0.0,0.0,0.0,0.08571428571428569,0.0,0.0,0.0,0.08571428571428569
agent_recipient_style_1_015,agent_recipient_style_1,agent_recipient,test_entity,dev,test,Owen,Priya,give,agent_recipient,Owen gave Priya the key since she was locked out.,"Since Priya was locked out, Owen gave her the key.","Since Owen was locked out, Priya gave him the key.",0.8181818181818182,0.9,0.2857142857142857,0.0,0.09999999999999998,10.0,0.0,0.8181818181818182,0.9,0.2,0.0,0.09999999999999998,10.0,0.0,0.0,0.0,0.08571428571428569,0.0,0.0,0.0,0.08571428571428569
agent_recipient_style_1_016,agent_recipient_style_1,agent_recipient,test_entity,dev,test,Rosa,Owen,give,agent_recipient,Rosa gave Owen the map since he was locked out.,"Since Owen was locked out, Rosa gave him the map.","Since Rosa was locked out, Owen gave her the map.",0.8181818181818182,0.9,0.2857142857142857,0.0,0.09999999999999998,10.0,0.0,0.8181818181818182,0.9,0.2,0.0,0.09999999999999998,10.0,0.0,0.0,0.0,0.08571428571428569,0.0,0.0,0.0,0.08571428571428569
agent_recipient_style_1_017,agent_recipient_style_1,agent_recipient,test_entity,dev,test,Theo,Rosa,give,agent_recipient,Theo gave Rosa the torch since she was locked out.,"Since Rosa was locked out, Theo gave her the torch.","Since Theo was locked out, Rosa gave him the torch.",0.8181818181818182,0.9,0.2857142857142857,0.0,0.09999999999999998,10.0,0.0,0.8181818181818182,0.9,0.2,0.0,0.09999999999999998,10.0,0.0,0.0,0.0,0.08571428571428569,0.0,0.0,0.0,0.08571428571428569
agent_recipient_style_1_018,agent_recipient_style_1,agent_recipient,test_entity,dev,test,Uma,Theo,give,agent_recipient,Uma gave Theo the package since he was locked out.,"Since Theo was locked out, Uma gave him the package.","Since Uma was locked out, Theo gave her the package.",0.8181818181818182,0.9,0.2857142857142857,0.0,0.09999999999999998,10.0,0.0,0.8181818181818182,0.9,0.2,0.0,0.09999999999999998,10.0,0.0,0.0,0.0,0.08571428571428569,0.0,0.0,0.0,0.08571428571428569
agent_recipient_style_1_019,agent_recipient_style_1,agent_recipient,test_entity,dev,test,Victor,Uma,give,agent_recipient,Victor gave Uma the note since she was locked out.,"Since Uma was locked out, Victor gave her the note.","Since Victor was locked out, Uma gave him the note.",0.8181818181818182,0.9,0.2857142857142857,0.0,0.09999999999999998,10.0,0.0,0.8181818181818182,0.9,0.2,0.0,0.09999999999999998,10.0,0.0,0.0,0.0,0.08571428571428569,0.0,0.0,0.0,0.08571428571428569
agent_recipient_style_2_000,agent_recipient_style_2,agent_recipient,test_template,test,dev,Ava,Farid,give,agent_recipient,Ava gave Farid the key when he was locked out.,"When Farid was locked out, Ava gave him the key.","When Ava was locked out, Farid gave her the key.",0.8181818181818182,0.9,0.2857142857142857,0.0,0.09999999999999998,10.0,0.0,0.8181818181818182,0.9,0.2,0.0,0.09999999999999998,10.0,0.0,0.0,0.0,0.08571428571428569,0.0,0.0,0.0,0.08571428571428569
agent_recipient_style_2_001,agent_recipient_style_2,agent_recipient,test_template,test,dev,Ben,Grace,give,agent_recipient,Ben gave Grace the map when she was locked out.,"When Grace was locked out, Ben gave her the map.","When Ben was locked out, Grace gave him the map.",0.8181818181818182,0.9,0.2857142857142857,0.0,0.09999999999999998,10.0,0.0,0.8181818181818182,0.9,0.2,0.0,0.09999999999999998,10.0,0.0,0.0,0.0,0.08571428571428569,0.0,0.0,0.0,0.08571428571428569
agent_recipient_style_2_002,agent_recipient_style_2,agent_recipient,test_template,test,dev,Clara,Hugo,give,agent_recipient,Clara gave Hugo the torch when he was locked out.,"When Hugo was locked out, Clara gave him the torch.","When Clara was locked out, Hugo gave her the torch.",0.8181818181818182,0.9,0.2857142857142857,0.0,0.09999999999999998,10.0,0.0,0.8181818181818182,0.9,0.2,0.0,0.09999999999999998,10.0,0.0,0.0,0.0,0.08571428571428569,0.0,0.0,0.0,0.08571428571428569
agent_recipient_style_2_003,agent_recipient_style_2,agent_recipient,test_template,test,dev,Diego,Inez,give,agent_recipient,Diego gave Inez the package when she was locked out.,"When Inez was locked out, Diego gave her the package.","When Diego was locked out, Inez gave him the package.",0.8181818181818182,0.9,0.2857142857142857,0.0,0.09999999999999998,10.0,0.0,0.8181818181818182,0.9,0.2,0.0,0.09999999999999998,10.0,0.0,0.0,0.0,0.08571428571428569,0.0,0.0,0.0,0.08571428571428569
agent_recipient_style_2_004,agent_recipient_style_2,agent_recipient,test_template,test,dev,Elena,Jonah,give,agent_recipient,Elena gave Jonah the note when he was locked out.,"When Jonah was locked out, Elena gave him the note.","When Elena was locked out, Jonah gave her the note.",0.8181818181818182,0.9,0.2857142857142857,0.0,0.09999999999999998,10.0,0.0,0.8181818181818182,0.9,0.2,0.0,0.09999999999999998,10.0,0.0,0.0,0.0,0.08571428571428569,0.0,0.0,0.0,0.08571428571428569
agent_recipient_style_2_005,agent_recipient_style_2,agent_recipient,test_template,test,dev,Farid,Keira,give,agent_recipient,Farid gave Keira the key when she was locked out.,"When Keira was locked out, Farid gave her the key.","When Farid was locked out, Keira gave him the key.",0.8181818181818182,0.9,0.2857142857142857,0.0,0.09999999999999998,10.0,0.0,0.8181818181818182,0.9,0.2,0.0,0.09999999999999998,10.0,0.0,0.0,0.0,0.08571428571428569,0.0,0.0,0.0,0.08571428571428569
agent_recipient_style_2_006,agent_recipient_style_2,agent_recipient,test_template,test,dev,Grace,Liam,give,agent_recipient,Grace gave Liam the map when he was locked out.,"When Liam was locked out, Grace gave him the map.","When Grace was locked out, Liam gave her the map.",0.8181818181818182,0.9,0.2857142857142857,0.0,0.09999999999999998,10.0,0.0,0.8181818181818182,0.9,0.2,0.0,0.09999999999999998,10.0,0.0,0.0,0.0,0.08571428571428569,0.0,0.0,0.0,0.08571428571428569
agent_recipient_style_2_007,agent_recipient_style_2,agent_recipient,test_template,test,dev,Hugo,Maya,give,agent_recipient,Hugo gave Maya the torch when she was locked out.,"When Maya was locked out, Hugo gave her the torch.","When Hugo was locked out, Maya gave him the torch.",0.8181818181818182,0.9,0.2857142857142857,0.0,0.09999999999999998,10.0,0.0,0.8181818181818182,0.9,0.2,0.0,0.09999999999999998,10.0,0.0,0.0,0.0,0.08571428571428569,0.0,0.0,0.0,0.08571428571428569
agent_recipient_style_2_008,agent_recipient_style_2,agent_recipient,test_template,test,dev,Inez,Noah,give,agent_recipient,Inez gave Noah the package when he was locked out.,"When Noah was locked out, Inez gave him the package.","When Inez was locked out, Noah gave her the package.",0.8181818181818182,0.9,0.2857142857142857,0.0,0.09999999999999998,10.0,0.0,0.8181818181818182,0.9,0.2,0.0,0.09999999999999998,10.0,0.0,0.0,0.0,0.08571428571428569,0.0,0.0,0.0,0.08571428571428569
agent_recipient_style_2_009,agent_recipient_style_2,agent_recipient,test_template,test,dev,Jonah,Ava,give,agent_recipient,Jonah gave Ava the note when she was locked out.,"When Ava was locked out, Jonah gave her the note.","When Jonah was locked out, Ava gave him the note.",0.8181818181818182,0.9,0.2857142857142857,0.0,0.09999999999999998,10.0,0.0,0.8181818181818182,0.9,0.2,0.0,0.09999999999999998,10.0,0.0,0.0,0.0,0.08571428571428569,0.0,0.0,0.0,0.08571428571428569
agent_recipient_style_2_010,agent_recipient_style_2,agent_recipient,test_template,test,dev,Keira,Ben,give,agent_recipient,Keira gave Ben the key when he was locked out.,"When Ben was locked out, Keira gave him the key.","When Keira was locked out, Ben gave her the key.",0.8181818181818182,0.9,0.2857142857142857,0.0,0.09999999999999998,10.0,0.0,0.8181818181818182,0.9,0.2,0.0,0.09999999999999998,10.0,0.0,0.0,0.0,0.08571428571428569,0.0,0.0,0.0,0.08571428571428569
agent_recipient_style_2_011,agent_recipient_style_2,agent_recipient,test_template,test,dev,Liam,Clara,give,agent_recipient,Liam gave Clara the map when she was locked out.,"When Clara was locked out, Liam gave her the map.","When Liam was locked out, Clara gave him the map.",0.8181818181818182,0.9,0.2857142857142857,0.0,0.09999999999999998,10.0,0.0,0.8181818181818182,0.9,0.2,0.0,0.09999999999999998,10.0,0.0,0.0,0.0,0.08571428571428569,0.0,0.0,0.0,0.08571428571428569
agent_recipient_style_2_012,agent_recipient_style_2,agent_recipient,test_template,test,dev,Maya,Diego,give,agent_recipient,Maya gave Diego the torch when he was locked out.,"When Diego was locked out, Maya gave him the torch.","When Maya was locked out, Diego gave her the torch.",0.8181818181818182,0.9,0.2857142857142857,0.0,0.09999999999999998,10.0,0.0,0.8181818181818182,0.9,0.2,0.0,0.09999999999999998,10.0,0.0,0.0,0.0,0.08571428571428569,0.0,0.0,0.0,0.08571428571428569
agent_recipient_style_2_013,agent_recipient_style_2,agent_recipient,test_template,test,dev,Noah,Elena,give,agent_recipient,Noah gave Elena the package when she was locked out.,"When Elena was locked out, Noah gave her the package.","When Noah was locked out, Elena gave him the package.",0.8181818181818182,0.9,0.2857142857142857,0.0,0.09999999999999998,10.0,0.0,0.8181818181818182,0.9,0.2,0.0,0.09999999999999998,10.0,0.0,0.0,0.0,0.08571428571428569,0.0,0.0,0.0,0.08571428571428569
agent_recipient_style_2_014,agent_recipient_style_2,agent_recipient,test_both,test,test,Priya,Victor,give,agent_recipient,Priya gave Victor the note when he was locked out.,"When Victor was locked out, Priya gave him the note.","When Priya was locked out, Victor gave her the note.",0.8181818181818182,0.9,0.2857142857142857,0.0,0.09999999999999998,10.0,0.0,0.8181818181818182,0.9,0.2,0.0,0.09999999999999998,10.0,0.0,0.0,0.0,0.08571428571428569,0.0,0.0,0.0,0.08571428571428569
agent_recipient_style_2_015,agent_recipient_style_2,agent_recipient,test_both,test,test,Owen,Priya,give,agent_recipient,Owen gave Priya the key when she was locked out.,"When Priya was locked out, Owen gave her the key.","When Owen was locked out, Priya gave him the key.",0.8181818181818182,0.9,0.2857142857142857,0.0,0.09999999999999998,10.0,0.0,0.8181818181818182,0.9,0.2,0.0,0.09999999999999998,10.0,0.0,0.0,0.0,0.08571428571428569,0.0,0.0,0.0,0.08571428571428569
agent_recipient_style_2_016,agent_recipient_style_2,agent_recipient,test_both,test,test,Rosa,Owen,give,agent_recipient,Rosa gave Owen the map when he was locked out.,"When Owen was locked out, Rosa gave him the map.","When Rosa was locked out, Owen gave her the map.",0.8181818181818182,0.9,0.2857142857142857,0.0,0.09999999999999998,10.0,0.0,0.8181818181818182,0.9,0.2,0.0,0.09999999999999998,10.0,0.0,0.0,0.0,0.08571428571428569,0.0,0.0,0.0,0.08571428571428569
agent_recipient_style_2_017,agent_recipient_style_2,agent_recipient,test_both,test,test,Theo,Rosa,give,agent_recipient,Theo gave Rosa the torch when she was locked out.,"When Rosa was locked out, Theo gave her the torch.","When Theo was locked out, Rosa gave him the torch.",0.8181818181818182,0.9,0.2857142857142857,0.0,0.09999999999999998,10.0,0.0,0.8181818181818182,0.9,0.2,0.0,0.09999999999999998,10.0,0.0,0.0,0.0,0.08571428571428569,0.0,0.0,0.0,0.08571428571428569
agent_recipient_style_2_018,agent_recipient_style_2,agent_recipient,test_both,test,test,Uma,Theo,give,agent_recipient,Uma gave Theo the package when he was locked out.,"When Theo was locked out, Uma gave him the package.","When Uma was locked out, Theo gave her the package.",0.8181818181818182,0.9,0.2857142857142857,0.0,0.09999999999999998,10.0,0.0,0.8181818181818182,0.9,0.2,0.0,0.09999999999999998,10.0,0.0,0.0,0.0,0.08571428571428569,0.0,0.0,0.0,0.08571428571428569
agent_recipient_style_2_019,agent_recipient_style_2,agent_recipient,test_both,test,test,Victor,Uma,give,agent_recipient,Victor gave Uma the note when she was locked out.,"When Uma was locked out, Victor gave her the note.","When Victor was locked out, Uma gave him the note.",0.8181818181818182,0.9,0.2857142857142857,0.0,0.09999999999999998,10.0,0.0,0.8181818181818182,0.9,0.2,0.0,0.09999999999999998,10.0,0.0,0.0,0.0,0.08571428571428569,0.0,0.0,0.0,0.08571428571428569
cause_style_0_000,cause_style_0,cause,dev,dev,dev,Ava,Farid,call,cause_participant,Ava called Farid because he was worried.,"Because Farid was worried, Ava called him.","Because Ava was worried, she called Farid.",0.75,0.8571428571428571,0.2,0.0,0.1428571428571429,7.0,0.0,0.75,0.8571428571428571,0.2,0.0,0.1428571428571429,7.0,0.0,0.0,0.0,0.0,0.0,0.0,0.0,0.0
cause_style_0_001,cause_style_0,cause,dev,dev,dev,Ben,Grace,call,cause_participant,Ben called Grace because she was worried.,"Because Grace was worried, Ben called her.","Because Ben was worried, he called Grace.",0.75,0.8571428571428571,0.2,0.0,0.1428571428571429,7.0,0.0,0.75,0.8571428571428571,0.2,0.0,0.1428571428571429,7.0,0.0,0.0,0.0,0.0,0.0,0.0,0.0,0.0
cause_style_0_002,cause_style_0,cause,dev,dev,dev,Clara,Hugo,call,cause_participant,Clara called Hugo because he was worried.,"Because Hugo was worried, Clara called him.","Because Clara was worried, she called Hugo.",0.75,0.8571428571428571,0.2,0.0,0.1428571428571429,7.0,0.0,0.75,0.8571428571428571,0.2,0.0,0.1428571428571429,7.0,0.0,0.0,0.0,0.0,0.0,0.0,0.0,0.0
cause_style_0_003,cause_style_0,cause,dev,dev,dev,Diego,Inez,call,cause_participant,Diego called Inez because she was worried.,"Because Inez was worried, Diego called her.","Because Diego was worried, he called Inez.",0.75,0.8571428571428571,0.2,0.0,0.1428571428571429,7.0,0.0,0.75,0.8571428571428571,0.2,0.0,0.1428571428571429,7.0,0.0,0.0,0.0,0.0,0.0,0.0,0.0,0.0
cause_style_0_004,cause_style_0,cause,dev,dev,dev,Elena,Jonah,call,cause_participant,Elena called Jonah because he was worried.,"Because Jonah was worried, Elena called him.","Because Elena was worried, she called Jonah.",0.75,0.8571428571428571,0.2,0.0,0.1428571428571429,7.0,0.0,0.75,0.8571428571428571,0.2,0.0,0.1428571428571429,7.0,0.0,0.0,0.0,0.0,0.0,0.0,0.0,0.0
cause_style_0_005,cause_style_0,cause,dev,dev,dev,Farid,Keira,call,cause_participant,Farid called Keira because she was worried.,"Because Keira was worried, Farid called her.","Because Farid was worried, he called Keira.",0.75,0.8571428571428571,0.2,0.0,0.1428571428571429,7.0,0.0,0.75,0.8571428571428571,0.2,0.0,0.1428571428571429,7.0,0.0,0.0,0.0,0.0,0.0,0.0,0.0,0.0
cause_style_0_006,cause_style_0,cause,dev,dev,dev,Grace,Liam,call,cause_participant,Grace called Liam because he was worried.,"Because Liam was worried, Grace called him.","Because Grace was worried, she called Liam.",0.75,0.8571428571428571,0.2,0.0,0.1428571428571429,7.0,0.0,0.75,0.8571428571428571,0.2,0.0,0.1428571428571429,7.0,0.0,0.0,0.0,0.0,0.0,0.0,0.0,0.0
cause_style_0_007,cause_style_0,cause,dev,dev,dev,Hugo,Maya,call,cause_participant,Hugo called Maya because she was worried.,"Because Maya was worried, Hugo called her.","Because Hugo was worried, he called Maya.",0.75,0.8571428571428571,0.2,0.0,0.1428571428571429,7.0,0.0,0.75,0.8571428571428571,0.2,0.0,0.1428571428571429,7.0,0.0,0.0,0.0,0.0,0.0,0.0,0.0,0.0
cause_style_0_008,cause_style_0,cause,dev,dev,dev,Inez,Noah,call,cause_participant,Inez called Noah because he was worried.,"Because Noah was worried, Inez called him.","Because Inez was worried, she called Noah.",0.75,0.8571428571428571,0.2,0.0,0.1428571428571429,7.0,0.0,0.75,0.8571428571428571,0.2,0.0,0.1428571428571429,7.0,0.0,0.0,0.0,0.0,0.0,0.0,0.0,0.0
cause_style_0_009,cause_style_0,cause,dev,dev,dev,Jonah,Ava,call,cause_participant,Jonah called Ava because she was worried.,"Because Ava was worried, Jonah called her.","Because Jonah was worried, he called Ava.",0.75,0.8571428571428571,0.2,0.0,0.1428571428571429,7.0,0.0,0.75,0.8571428571428571,0.2,0.0,0.1428571428571429,7.0,0.0,0.0,0.0,0.0,0.0,0.0,0.0,0.0
cause_style_0_010,cause_style_0,cause,dev,dev,dev,Keira,Ben,call,cause_participant,Keira called Ben because he was worried.,"Because Ben was worried, Keira called him.","Because Keira was worried, she called Ben.",0.75,0.8571428571428571,0.2,0.0,0.1428571428571429,7.0,0.0,0.75,0.8571428571428571,0.2,0.0,0.1428571428571429,7.0,0.0,0.0,0.0,0.0,0.0,0.0,0.0,0.0
cause_style_0_011,cause_style_0,cause,dev,dev,dev,Liam,Clara,call,cause_participant,Liam called Clara because she was worried.,"Because Clara was worried, Liam called her.","Because Liam was worried, he called Clara.",0.75,0.8571428571428571,0.2,0.0,0.1428571428571429,7.0,0.0,0.75,0.8571428571428571,0.2,0.0,0.1428571428571429,7.0,0.0,0.0,0.0,0.0,0.0,0.0,0.0,0.0
cause_style_0_012,cause_style_0,cause,dev,dev,dev,Maya,Diego,call,cause_participant,Maya called Diego because he was worried.,"Because Diego was worried, Maya called him.","Because Maya was worried, she called Diego.",0.75,0.8571428571428571,0.2,0.0,0.1428571428571429,7.0,0.0,0.75,0.8571428571428571,0.2,0.0,0.1428571428571429,7.0,0.0,0.0,0.0,0.0,0.0,0.0,0.0,0.0
cause_style_0_013,cause_style_0,cause,dev,dev,dev,Noah,Elena,call,cause_participant,Noah called Elena because she was worried.,"Because Elena was worried, Noah called her.","Because Noah was worried, he called Elena.",0.75,0.8571428571428571,0.2,0.0,0.1428571428571429,7.0,0.0,0.75,0.8571428571428571,0.2,0.0,0.1428571428571429,7.0,0.0,0.0,0.0,0.0,0.0,0.0,0.0,0.0
cause_style_0_014,cause_style_0,cause,test_entity,dev,test,Priya,Victor,call,cause_participant,Priya called Victor because he was worried.,"Because Victor was worried, Priya called him.","Because Priya was worried, she called Victor.",0.75,0.8571428571428571,0.2,0.0,0.1428571428571429,7.0,0.0,0.75,0.8571428571428571,0.2,0.0,0.1428571428571429,7.0,0.0,0.0,0.0,0.0,0.0,0.0,0.0,0.0
cause_style_0_015,cause_style_0,cause,test_entity,dev,test,Owen,Priya,call,cause_participant,Owen called Priya because she was worried.,"Because Priya was worried, Owen called her.","Because Owen was worried, he called Priya.",0.75,0.8571428571428571,0.2,0.0,0.1428571428571429,7.0,0.0,0.75,0.8571428571428571,0.2,0.0,0.1428571428571429,7.0,0.0,0.0,0.0,0.0,0.0,0.0,0.0,0.0
cause_style_0_016,cause_style_0,cause,test_entity,dev,test,Rosa,Owen,call,cause_participant,Rosa called Owen because he was worried.,"Because Owen was worried, Rosa called him.","Because Rosa was worried, she called Owen.",0.75,0.8571428571428571,0.2,0.0,0.1428571428571429,7.0,0.0,0.75,0.8571428571428571,0.2,0.0,0.1428571428571429,7.0,0.0,0.0,0.0,0.0,0.0,0.0,0.0,0.0
cause_style_0_017,cause_style_0,cause,test_entity,dev,test,Theo,Rosa,call,cause_participant,Theo called Rosa because she was worried.,"Because Rosa was worried, Theo called her.","Because Theo was worried, he called Rosa.",0.75,0.8571428571428571,0.2,0.0,0.1428571428571429,7.0,0.0,0.75,0.8571428571428571,0.2,0.0,0.1428571428571429,7.0,0.0,0.0,0.0,0.0,0.0,0.0,0.0,0.0
cause_style_0_018,cause_style_0,cause,test_entity,dev,test,Uma,Theo,call,cause_participant,Uma called Theo because he was worried.,"Because Theo was worried, Uma called him.","Because Uma was worried, she called Theo.",0.75,0.8571428571428571,0.2,0.0,0.1428571428571429,7.0,0.0,0.75,0.8571428571428571,0.2,0.0,0.1428571428571429,7.0,0.0,0.0,0.0,0.0,0.0,0.0,0.0,0.0
cause_style_0_019,cause_style_0,cause,test_entity,dev,test,Victor,Uma,call,cause_participant,Victor called Uma because she was worried.,"Because Uma was worried, Victor called her.","Because Victor was worried, he called Uma.",0.75,0.8571428571428571,0.2,0.0,0.1428571428571429,7.0,0.0,0.75,0.8571428571428571,0.2,0.0,0.1428571428571429,7.0,0.0,0.0,0.0,0.0,0.0,0.0,0.0,0.0
cause_style_1_000,cause_style_1,cause,dev,dev,dev,Ava,Farid,call,cause_participant,Ava called Farid since he was worried.,"Since Farid was worried, Ava called him.","Since Ava was worried, she called Farid.",0.75,0.8571428571428571,0.2,0.0,0.1428571428571429,7.0,0.0,0.75,0.8571428571428571,0.2,0.0,0.1428571428571429,7.0,0.0,0.0,0.0,0.0,0.0,0.0,0.0,0.0
cause_style_1_001,cause_style_1,cause,dev,dev,dev,Ben,Grace,call,cause_participant,Ben called Grace since she was worried.,"Since Grace was worried, Ben called her.","Since Ben was worried, he called Grace.",0.75,0.8571428571428571,0.2,0.0,0.1428571428571429,7.0,0.0,0.75,0.8571428571428571,0.2,0.0,0.1428571428571429,7.0,0.0,0.0,0.0,0.0,0.0,0.0,0.0,0.0
cause_style_1_002,cause_style_1,cause,dev,dev,dev,Clara,Hugo,call,cause_participant,Clara called Hugo since he was worried.,"Since Hugo was worried, Clara called him.","Since Clara was worried, she called Hugo.",0.75,0.8571428571428571,0.2,0.0,0.1428571428571429,7.0,0.0,0.75,0.8571428571428571,0.2,0.0,0.1428571428571429,7.0,0.0,0.0,0.0,0.0,0.0,0.0,0.0,0.0
cause_style_1_003,cause_style_1,cause,dev,dev,dev,Diego,Inez,call,cause_participant,Diego called Inez since she was worried.,"Since Inez was worried, Diego called her.","Since Diego was worried, he called Inez.",0.75,0.8571428571428571,0.2,0.0,0.1428571428571429,7.0,0.0,0.75,0.8571428571428571,0.2,0.0,0.1428571428571429,7.0,0.0,0.0,0.0,0.0,0.0,0.0,0.0,0.0
cause_style_1_004,cause_style_1,cause,dev,dev,dev,Elena,Jonah,call,cause_participant,Elena called Jonah since he was worried.,"Since Jonah was worried, Elena called him.","Since Elena was worried, she called Jonah.",0.75,0.8571428571428571,0.2,0.0,0.1428571428571429,7.0,0.0,0.75,0.8571428571428571,0.2,0.0,0.1428571428571429,7.0,0.0,0.0,0.0,0.0,0.0,0.0,0.0,0.0
cause_style_1_005,cause_style_1,cause,dev,dev,dev,Farid,Keira,call,cause_participant,Farid called Keira since she was worried.,"Since Keira was worried, Farid called her.","Since Farid was worried, he called Keira.",0.75,0.8571428571428571,0.2,0.0,0.1428571428571429,7.0,0.0,0.75,0.8571428571428571,0.2,0.0,0.1428571428571429,7.0,0.0,0.0,0.0,0.0,0.0,0.0,0.0,0.0
cause_style_1_006,cause_style_1,cause,dev,dev,dev,Grace,Liam,call,cause_participant,Grace called Liam since he was worried.,"Since Liam was worried, Grace called him.","Since Grace was worried, she called Liam.",0.75,0.8571428571428571,0.2,0.0,0.1428571428571429,7.0,0.0,0.75,0.8571428571428571,0.2,0.0,0.1428571428571429,7.0,0.0,0.0,0.0,0.0,0.0,0.0,0.0,0.0
cause_style_1_007,cause_style_1,cause,dev,dev,dev,Hugo,Maya,call,cause_participant,Hugo called Maya since she was worried.,"Since Maya was worried, Hugo called her.","Since Hugo was worried, he called Maya.",0.75,0.8571428571428571,0.2,0.0,0.1428571428571429,7.0,0.0,0.75,0.8571428571428571,0.2,0.0,0.1428571428571429,7.0,0.0,0.0,0.0,0.0,0.0,0.0,0.0,0.0
cause_style_1_008,cause_style_1,cause,dev,dev,dev,Inez,Noah,call,cause_participant,Inez called Noah since he was worried.,"Since Noah was worried, Inez called him.","Since Inez was worried, she called Noah.",0.75,0.8571428571428571,0.2,0.0,0.1428571428571429,7.0,0.0,0.75,0.8571428571428571,0.2,0.0,0.1428571428571429,7.0,0.0,0.0,0.0,0.0,0.0,0.0,0.0,0.0
cause_style_1_009,cause_style_1,cause,dev,dev,dev,Jonah,Ava,call,cause_participant,Jonah called Ava since she was worried.,"Since Ava was worried, Jonah called her.","Since Jonah was worried, he called Ava.",0.75,0.8571428571428571,0.2,0.0,0.1428571428571429,7.0,0.0,0.75,0.8571428571428571,0.2,0.0,0.1428571428571429,7.0,0.0,0.0,0.0,0.0,0.0,0.0,0.0,0.0
cause_style_1_010,cause_style_1,cause,dev,dev,dev,Keira,Ben,call,cause_participant,Keira called Ben since he was worried.,"Since Ben was worried, Keira called him.","Since Keira was worried, she called Ben.",0.75,0.8571428571428571,0.2,0.0,0.1428571428571429,7.0,0.0,0.75,0.8571428571428571,0.2,0.0,0.1428571428571429,7.0,0.0,0.0,0.0,0.0,0.0,0.0,0.0,0.0
cause_style_1_011,cause_style_1,cause,dev,dev,dev,Liam,Clara,call,cause_participant,Liam called Clara since she was worried.,"Since Clara was worried, Liam called her.","Since Liam was worried, he called Clara.",0.75,0.8571428571428571,0.2,0.0,0.1428571428571429,7.0,0.0,0.75,0.8571428571428571,0.2,0.0,0.1428571428571429,7.0,0.0,0.0,0.0,0.0,0.0,0.0,0.0,0.0
cause_style_1_012,cause_style_1,cause,dev,dev,dev,Maya,Diego,call,cause_participant,Maya called Diego since he was worried.,"Since Diego was worried, Maya called him.","Since Maya was worried, she called Diego.",0.75,0.8571428571428571,0.2,0.0,0.1428571428571429,7.0,0.0,0.75,0.8571428571428571,0.2,0.0,0.1428571428571429,7.0,0.0,0.0,0.0,0.0,0.0,0.0,0.0,0.0
cause_style_1_013,cause_style_1,cause,dev,dev,dev,Noah,Elena,call,cause_participant,Noah called Elena since she was worried.,"Since Elena was worried, Noah called her.","Since Noah was worried, he called Elena.",0.75,0.8571428571428571,0.2,0.0,0.1428571428571429,7.0,0.0,0.75,0.8571428571428571,0.2,0.0,0.1428571428571429,7.0,0.0,0.0,0.0,0.0,0.0,0.0,0.0,0.0
cause_style_1_014,cause_style_1,cause,test_entity,dev,test,Priya,Victor,call,cause_participant,Priya called Victor since he was worried.,"Since Victor was worried, Priya called him.","Since Priya was worried, she called Victor.",0.75,0.8571428571428571,0.2,0.0,0.1428571428571429,7.0,0.0,0.75,0.8571428571428571,0.2,0.0,0.1428571428571429,7.0,0.0,0.0,0.0,0.0,0.0,0.0,0.0,0.0
cause_style_1_015,cause_style_1,cause,test_entity,dev,test,Owen,Priya,call,cause_participant,Owen called Priya since she was worried.,"Since Priya was worried, Owen called her.","Since Owen was worried, he called Priya.",0.75,0.8571428571428571,0.2,0.0,0.1428571428571429,7.0,0.0,0.75,0.8571428571428571,0.2,0.0,0.1428571428571429,7.0,0.0,0.0,0.0,0.0,0.0,0.0,0.0,0.0
cause_style_1_016,cause_style_1,cause,test_entity,dev,test,Rosa,Owen,call,cause_participant,Rosa called Owen since he was worried.,"Since Owen was worried, Rosa called him.","Since Rosa was worried, she called Owen.",0.75,0.8571428571428571,0.2,0.0,0.1428571428571429,7.0,0.0,0.75,0.8571428571428571,0.2,0.0,0.1428571428571429,7.0,0.0,0.0,0.0,0.0,0.0,0.0,0.0,0.0
cause_style_1_017,cause_style_1,cause,test_entity,dev,test,Theo,Rosa,call,cause_participant,Theo called Rosa since she was worried.,"Since Rosa was worried, Theo called her.","Since Theo was worried, he called Rosa.",0.75,0.8571428571428571,0.2,0.0,0.1428571428571429,7.0,0.0,0.75,0.8571428571428571,0.2,0.0,0.1428571428571429,7.0,0.0,0.0,0.0,0.0,0.0,0.0,0.0,0.0
cause_style_1_018,cause_style_1,cause,test_entity,dev,test,Uma,Theo,call,cause_participant,Uma called Theo since he was worried.,"Since Theo was worried, Uma called him.","Since Uma was worried, she called Theo.",0.75,0.8571428571428571,0.2,0.0,0.1428571428571429,7.0,0.0,0.75,0.8571428571428571,0.2,0.0,0.1428571428571429,7.0,0.0,0.0,0.0,0.0,0.0,0.0,0.0,0.0
cause_style_1_019,cause_style_1,cause,test_entity,dev,test,Victor,Uma,call,cause_participant,Victor called Uma since she was worried.,"Since Uma was worried, Victor called her.","Since Victor was worried, he called Uma.",0.75,0.8571428571428571,0.2,0.0,0.1428571428571429,7.0,0.0,0.75,0.8571428571428571,0.2,0.0,0.1428571428571429,7.0,0.0,0.0,0.0,0.0,0.0,0.0,0.0,0.0
cause_style_2_000,cause_style_2,cause,test_template,test,dev,Ava,Farid,call,cause_participant,Ava called Farid when he was worried.,"When Farid was worried, Ava called him.","When Ava was worried, she called Farid.",0.75,0.8571428571428571,0.2,0.0,0.1428571428571429,7.0,0.0,0.75,0.8571428571428571,0.2,0.0,0.1428571428571429,7.0,0.0,0.0,0.0,0.0,0.0,0.0,0.0,0.0
cause_style_2_001,cause_style_2,cause,test_template,test,dev,Ben,Grace,call,cause_participant,Ben called Grace when she was worried.,"When Grace was worried, Ben called her.","When Ben was worried, he called Grace.",0.75,0.8571428571428571,0.2,0.0,0.1428571428571429,7.0,0.0,0.75,0.8571428571428571,0.2,0.0,0.1428571428571429,7.0,0.0,0.0,0.0,0.0,0.0,0.0,0.0,0.0
cause_style_2_002,cause_style_2,cause,test_template,test,dev,Clara,Hugo,call,cause_participant,Clara called Hugo when he was worried.,"When Hugo was worried, Clara called him.","When Clara was worried, she called Hugo.",0.75,0.8571428571428571,0.2,0.0,0.1428571428571429,7.0,0.0,0.75,0.8571428571428571,0.2,0.0,0.1428571428571429,7.0,0.0,0.0,0.0,0.0,0.0,0.0,0.0,0.0
cause_style_2_003,cause_style_2,cause,test_template,test,dev,Diego,Inez,call,cause_participant,Diego called Inez when she was worried.,"When Inez was worried, Diego called her.","When Diego was worried, he called Inez.",0.75,0.8571428571428571,0.2,0.0,0.1428571428571429,7.0,0.0,0.75,0.8571428571428571,0.2,0.0,0.1428571428571429,7.0,0.0,0.0,0.0,0.0,0.0,0.0,0.0,0.0
cause_style_2_004,cause_style_2,cause,test_template,test,dev,Elena,Jonah,call,cause_participant,Elena called Jonah when he was worried.,"When Jonah was worried, Elena called him.","When Elena was worried, she called Jonah.",0.75,0.8571428571428571,0.2,0.0,0.1428571428571429,7.0,0.0,0.75,0.8571428571428571,0.2,0.0,0.1428571428571429,7.0,0.0,0.0,0.0,0.0,0.0,0.0,0.0,0.0
cause_style_2_005,cause_style_2,cause,test_template,test,dev,Farid,Keira,call,cause_participant,Farid called Keira when she was worried.,"When Keira was worried, Farid called her.","When Farid was worried, he called Keira.",0.75,0.8571428571428571,0.2,0.0,0.1428571428571429,7.0,0.0,0.75,0.8571428571428571,0.2,0.0,0.1428571428571429,7.0,0.0,0.0,0.0,0.0,0.0,0.0,0.0,0.0
cause_style_2_006,cause_style_2,cause,test_template,test,dev,Grace,Liam,call,cause_participant,Grace called Liam when he was worried.,"When Liam was worried, Grace called him.","When Grace was worried, she called Liam.",0.75,0.8571428571428571,0.2,0.0,0.1428571428571429,7.0,0.0,0.75,0.8571428571428571,0.2,0.0,0.1428571428571429,7.0,0.0,0.0,0.0,0.0,0.0,0.0,0.0,0.0
cause_style_2_007,cause_style_2,cause,test_template,test,dev,Hugo,Maya,call,cause_participant,Hugo called Maya when she was worried.,"When Maya was worried, Hugo called her.","When Hugo was worried, he called Maya.",0.75,0.8571428571428571,0.2,0.0,0.1428571428571429,7.0,0.0,0.75,0.8571428571428571,0.2,0.0,0.1428571428571429,7.0,0.0,0.0,0.0,0.0,0.0,0.0,0.0,0.0
cause_style_2_008,cause_style_2,cause,test_template,test,dev,Inez,Noah,call,cause_participant,Inez called Noah when he was worried.,"When Noah was worried, Inez called him.","When Inez was worried, she called Noah.",0.75,0.8571428571428571,0.2,0.0,0.1428571428571429,7.0,0.0,0.75,0.8571428571428571,0.2,0.0,0.1428571428571429,7.0,0.0,0.0,0.0,0.0,0.0,0.0,0.0,0.0
cause_style_2_009,cause_style_2,cause,test_template,test,dev,Jonah,Ava,call,cause_participant,Jonah called Ava when she was worried.,"When Ava was worried, Jonah called her.","When Jonah was worried, he called Ava.",0.75,0.8571428571428571,0.2,0.0,0.1428571428571429,7.0,0.0,0.75,0.8571428571428571,0.2,0.0,0.1428571428571429,7.0,0.0,0.0,0.0,0.0,0.0,0.0,0.0,0.0
cause_style_2_010,cause_style_2,cause,test_template,test,dev,Keira,Ben,call,cause_participant,Keira called Ben when he was worried.,"When Ben was worried, Keira called him.","When Keira was worried, she called Ben.",0.75,0.8571428571428571,0.2,0.0,0.1428571428571429,7.0,0.0,0.75,0.8571428571428571,0.2,0.0,0.1428571428571429,7.0,0.0,0.0,0.0,0.0,0.0,0.0,0.0,0.0
cause_style_2_011,cause_style_2,cause,test_template,test,dev,Liam,Clara,call,cause_participant,Liam called Clara when she was worried.,"When Clara was worried, Liam called her.","When Liam was worried, he called Clara.",0.75,0.8571428571428571,0.2,0.0,0.1428571428571429,7.0,0.0,0.75,0.8571428571428571,0.2,0.0,0.1428571428571429,7.0,0.0,0.0,0.0,0.0,0.0,0.0,0.0,0.0
cause_style_2_012,cause_style_2,cause,test_template,test,dev,Maya,Diego,call,cause_participant,Maya called Diego when he was worried.,"When Diego was worried, Maya called him.","When Maya was worried, she called Diego.",0.75,0.8571428571428571,0.2,0.0,0.1428571428571429,7.0,0.0,0.75,0.8571428571428571,0.2,0.0,0.1428571428571429,7.0,0.0,0.0,0.0,0.0,0.0,0.0,0.0,0.0
cause_style_2_013,cause_style_2,cause,test_template,test,dev,Noah,Elena,call,cause_participant,Noah called Elena when she was worried.,"When Elena was worried, Noah called her.","When Noah was worried, he called Elena.",0.75,0.8571428571428571,0.2,0.0,0.1428571428571429,7.0,0.0,0.75,0.8571428571428571,0.2,0.0,0.1428571428571429,7.0,0.0,0.0,0.0,0.0,0.0,0.0,0.0,0.0
cause_style_2_014,cause_style_2,cause,test_both,test,test,Priya,Victor,call,cause_participant,Priya called Victor when he was worried.,"When Victor was worried, Priya called him.","When Priya was worried, she called Victor.",0.75,0.8571428571428571,0.2,0.0,0.1428571428571429,7.0,0.0,0.75,0.8571428571428571,0.2,0.0,0.1428571428571429,7.0,0.0,0.0,0.0,0.0,0.0,0.0,0.0,0.0
cause_style_2_015,cause_style_2,cause,test_both,test,test,Owen,Priya,call,cause_participant,Owen called Priya when she was worried.,"When Priya was worried, Owen called her.","When Owen was worried, he called Priya.",0.75,0.8571428571428571,0.2,0.0,0.1428571428571429,7.0,0.0,0.75,0.8571428571428571,0.2,0.0,0.1428571428571429,7.0,0.0,0.0,0.0,0.0,0.0,0.0,0.0,0.0
cause_style_2_016,cause_style_2,cause,test_both,test,test,Rosa,Owen,call,cause_participant,Rosa called Owen when he was worried.,"When Owen was worried, Rosa called him.","When Rosa was worried, she called Owen.",0.75,0.8571428571428571,0.2,0.0,0.1428571428571429,7.0,0.0,0.75,0.8571428571428571,0.2,0.0,0.1428571428571429,7.0,0.0,0.0,0.0,0.0,0.0,0.0,0.0,0.0
cause_style_2_017,cause_style_2,cause,test_both,test,test,Theo,Rosa,call,cause_participant,Theo called Rosa when she was worried.,"When Rosa was worried, Theo called her.","When Theo was worried, he called Rosa.",0.75,0.8571428571428571,0.2,0.0,0.1428571428571429,7.0,0.0,0.75,0.8571428571428571,0.2,0.0,0.1428571428571429,7.0,0.0,0.0,0.0,0.0,0.0,0.0,0.0,0.0
cause_style_2_018,cause_style_2,cause,test_both,test,test,Uma,Theo,call,cause_participant,Uma called Theo when he was worried.,"When Theo was worried, Uma called him.","When Uma was worried, she called Theo.",0.75,0.8571428571428571,0.2,0.0,0.1428571428571429,7.0,0.0,0.75,0.8571428571428571,0.2,0.0,0.1428571428571429,7.0,0.0,0.0,0.0,0.0,0.0,0.0,0.0,0.0
cause_style_2_019,cause_style_2,cause,test_both,test,test,Victor,Uma,call,cause_participant,Victor called Uma when she was worried.,"When Uma was worried, Victor called her.","When Victor was worried, he called Uma.",0.75,0.8571428571428571,0.2,0.0,0.1428571428571429,7.0,0.0,0.75,0.8571428571428571,0.2,0.0,0.1428571428571429,7.0,0.0,0.0,0.0,0.0,0.0,0.0,0.0,0.0
temporal_style_0_000,temporal_style_0,temporal,dev,dev,dev,Ava,Farid,clean,temporal_relation,Ava cleaned the spill after the alarm rang.,"Once the alarm rang, Ava cleaned the spill.","Before the alarm rang, Ava cleaned the spill.",0.75,0.875,0.5555555555555556,0.0,0.0,8.0,0.0,0.75,0.875,0.5555555555555556,0.0,0.0,8.0,0.0,0.0,0.0,0.0,0.0,0.0,0.0,0.0
temporal_style_0_001,temporal_style_0,temporal,dev,dev,dev,Ben,Grace,clean,temporal_relation,Ben cleaned the spill after the alarm rang.,"Once the alarm rang, Ben cleaned the spill.","Before the alarm rang, Ben cleaned the spill.",0.75,0.875,0.5555555555555556,0.0,0.0,8.0,0.0,0.75,0.875,0.5555555555555556,0.0,0.0,8.0,0.0,0.0,0.0,0.0,0.0,0.0,0.0,0.0
temporal_style_0_002,temporal_style_0,temporal,dev,dev,dev,Clara,Hugo,clean,temporal_relation,Clara cleaned the spill after the alarm rang.,"Once the alarm rang, Clara cleaned the spill.","Before the alarm rang, Clara cleaned the spill.",0.75,0.875,0.5555555555555556,0.0,0.0,8.0,0.0,0.75,0.875,0.5555555555555556,0.0,0.0,8.0,0.0,0.0,0.0,0.0,0.0,0.0,0.0,0.0
temporal_style_0_003,temporal_style_0,temporal,dev,dev,dev,Diego,Inez,clean,temporal_relation,Diego cleaned the spill after the alarm rang.,"Once the alarm rang, Diego cleaned the spill.","Before the alarm rang, Diego cleaned the spill.",0.75,0.875,0.5555555555555556,0.0,0.0,8.0,0.0,0.75,0.875,0.5555555555555556,0.0,0.0,8.0,0.0,0.0,0.0,0.0,0.0,0.0,0.0,0.0
temporal_style_0_004,temporal_style_0,temporal,dev,dev,dev,Elena,Jonah,clean,temporal_relation,Elena cleaned the spill after the alarm rang.,"Once the alarm rang, Elena cleaned the spill.","Before the alarm rang, Elena cleaned the spill.",0.75,0.875,0.5555555555555556,0.0,0.0,8.0,0.0,0.75,0.875,0.5555555555555556,0.0,0.0,8.0,0.0,0.0,0.0,0.0,0.0,0.0,0.0,0.0
temporal_style_0_005,temporal_style_0,temporal,dev,dev,dev,Farid,Keira,clean,temporal_relation,Farid cleaned the spill after the alarm rang.,"Once the alarm rang, Farid cleaned the spill.","Before the alarm rang, Farid cleaned the spill.",0.75,0.875,0.5555555555555556,0.0,0.0,8.0,0.0,0.75,0.875,0.5555555555555556,0.0,0.0,8.0,0.0,0.0,0.0,0.0,0.0,0.0,0.0,0.0
temporal_style_0_006,temporal_style_0,temporal,dev,dev,dev,Grace,Liam,clean,temporal_relation,Grace cleaned the spill after the alarm rang.,"Once the alarm rang, Grace cleaned the spill.","Before the alarm rang, Grace cleaned the spill.",0.75,0.875,0.5555555555555556,0.0,0.0,8.0,0.0,0.75,0.875,0.5555555555555556,0.0,0.0,8.0,0.0,0.0,0.0,0.0,0.0,0.0,0.0,0.0
temporal_style_0_007,temporal_style_0,temporal,dev,dev,dev,Hugo,Maya,clean,temporal_relation,Hugo cleaned the spill after the alarm rang.,"Once the alarm rang, Hugo cleaned the spill.","Before the alarm rang, Hugo cleaned the spill.",0.75,0.875,0.5555555555555556,0.0,0.0,8.0,0.0,0.75,0.875,0.5555555555555556,0.0,0.0,8.0,0.0,0.0,0.0,0.0,0.0,0.0,0.0,0.0
temporal_style_0_008,temporal_style_0,temporal,dev,dev,dev,Inez,Noah,clean,temporal_relation,Inez cleaned the spill after the alarm rang.,"Once the alarm rang, Inez cleaned the spill.","Before the alarm rang, Inez cleaned the spill.",0.75,0.875,0.5555555555555556,0.0,0.0,8.0,0.0,0.75,0.875,0.5555555555555556,0.0,0.0,8.0,0.0,0.0,0.0,0.0,0.0,0.0,0.0,0.0
temporal_style_0_009,temporal_style_0,temporal,dev,dev,dev,Jonah,Ava,clean,temporal_relation,Jonah cleaned the spill after the alarm rang.,"Once the alarm rang, Jonah cleaned the spill.","Before the alarm rang, Jonah cleaned the spill.",0.75,0.875,0.5555555555555556,0.0,0.0,8.0,0.0,0.75,0.875,0.5555555555555556,0.0,0.0,8.0,0.0,0.0,0.0,0.0,0.0,0.0,0.0,0.0
temporal_style_0_010,temporal_style_0,temporal,dev,dev,dev,Keira,Ben,clean,temporal_relation,Keira cleaned the spill after the alarm rang.,"Once the alarm rang, Keira cleaned the spill.","Before the alarm rang, Keira cleaned the spill.",0.75,0.875,0.5555555555555556,0.0,0.0,8.0,0.0,0.75,0.875,0.5555555555555556,0.0,0.0,8.0,0.0,0.0,0.0,0.0,0.0,0.0,0.0,0.0
temporal_style_0_011,temporal_style_0,temporal,dev,dev,dev,Liam,Clara,clean,temporal_relation,Liam cleaned the spill after the alarm rang.,"Once the alarm rang, Liam cleaned the spill.","Before the alarm rang, Liam cleaned the spill.",0.75,0.875,0.5555555555555556,0.0,0.0,8.0,0.0,0.75,0.875,0.5555555555555556,0.0,0.0,8.0,0.0,0.0,0.0,0.0,0.0,0.0,0.0,0.0
temporal_style_0_012,temporal_style_0,temporal,dev,dev,dev,Maya,Diego,clean,temporal_relation,Maya cleaned the spill after the alarm rang.,"Once the alarm rang, Maya cleaned the spill.","Before the alarm rang, Maya cleaned the spill.",0.75,0.875,0.5555555555555556,0.0,0.0,8.0,0.0,0.75,0.875,0.5555555555555556,0.0,0.0,8.0,0.0,0.0,0.0,0.0,0.0,0.0,0.0,0.0
temporal_style_0_013,temporal_style_0,temporal,dev,dev,dev,Noah,Elena,clean,temporal_relation,Noah cleaned the spill after the alarm rang.,"Once the alarm rang, Noah cleaned the spill.","Before the alarm rang, Noah cleaned the spill.",0.75,0.875,0.5555555555555556,0.0,0.0,8.0,0.0,0.75,0.875,0.5555555555555556,0.0,0.0,8.0,0.0,0.0,0.0,0.0,0.0,0.0,0.0,0.0
temporal_style_0_014,temporal_style_0,temporal,test_entity,dev,test,Priya,Victor,clean,temporal_relation,Priya cleaned the spill after the alarm rang.,"Once the alarm rang, Priya cleaned the spill.","Before the alarm rang, Priya cleaned the spill.",0.75,0.875,0.5555555555555556,0.0,0.0,8.0,0.0,0.75,0.875,0.5555555555555556,0.0,0.0,8.0,0.0,0.0,0.0,0.0,0.0,0.0,0.0,0.0
temporal_style_0_015,temporal_style_0,temporal,test_entity,dev,test,Owen,Priya,clean,temporal_relation,Owen cleaned the spill after the alarm rang.,"Once the alarm rang, Owen cleaned the spill.","Before the alarm rang, Owen cleaned the spill.",0.75,0.875,0.5555555555555556,0.0,0.0,8.0,0.0,0.75,0.875,0.5555555555555556,0.0,0.0,8.0,0.0,0.0,0.0,0.0,0.0,0.0,0.0,0.0
temporal_style_0_016,temporal_style_0,temporal,test_entity,dev,test,Rosa,Owen,clean,temporal_relation,Rosa cleaned the spill after the alarm rang.,"Once the alarm rang, Rosa cleaned the spill.","Before the alarm rang, Rosa cleaned the spill.",0.75,0.875,0.5555555555555556,0.0,0.0,8.0,0.0,0.75,0.875,0.5555555555555556,0.0,0.0,8.0,0.0,0.0,0.0,0.0,0.0,0.0,0.0,0.0
temporal_style_0_017,temporal_style_0,temporal,test_entity,dev,test,Theo,Rosa,clean,temporal_relation,Theo cleaned the spill after the alarm rang.,"Once the alarm rang, Theo cleaned the spill.","Before the alarm rang, Theo cleaned the spill.",0.75,0.875,0.5555555555555556,0.0,0.0,8.0,0.0,0.75,0.875,0.5555555555555556,0.0,0.0,8.0,0.0,0.0,0.0,0.0,0.0,0.0,0.0,0.0
temporal_style_0_018,temporal_style_0,temporal,test_entity,dev,test,Uma,Theo,clean,temporal_relation,Uma cleaned the spill after the alarm rang.,"Once the alarm rang, Uma cleaned the spill.","Before the alarm rang, Uma cleaned the spill.",0.75,0.875,0.5555555555555556,0.0,0.0,8.0,0.0,0.75,0.875,0.5555555555555556,0.0,0.0,8.0,0.0,0.0,0.0,0.0,0.0,0.0,0.0,0.0
temporal_style_0_019,temporal_style_0,temporal,test_entity,dev,test,Victor,Uma,clean,temporal_relation,Victor cleaned the spill after the alarm rang.,"Once the alarm rang, Victor cleaned the spill.","Before the alarm rang, Victor cleaned the spill.",0.75,0.875,0.5555555555555556,0.0,0.0,8.0,0.0,0.75,0.875,0.5555555555555556,0.0,0.0,8.0,0.0,0.0,0.0,0.0,0.0,0.0,0.0,0.0
temporal_style_1_000,temporal_style_1,temporal,dev,dev,dev,Ava,Farid,clean,temporal_relation,Ava cleaned the spill after the bell rang.,"Once the bell rang, Ava cleaned the spill.","Before the bell rang, Ava cleaned the spill.",0.75,0.875,0.5555555555555556,0.0,0.0,8.0,0.0,0.75,0.875,0.5555555555555556,0.0,0.0,8.0,0.0,0.0,0.0,0.0,0.0,0.0,0.0,0.0
temporal_style_1_001,temporal_style_1,temporal,dev,dev,dev,Ben,Grace,clean,temporal_relation,Ben cleaned the spill after the bell rang.,"Once the bell rang, Ben cleaned the spill.","Before the bell rang, Ben cleaned the spill.",0.75,0.875,0.5555555555555556,0.0,0.0,8.0,0.0,0.75,0.875,0.5555555555555556,0.0,0.0,8.0,0.0,0.0,0.0,0.0,0.0,0.0,0.0,0.0
temporal_style_1_002,temporal_style_1,temporal,dev,dev,dev,Clara,Hugo,clean,temporal_relation,Clara cleaned the spill after the bell rang.,"Once the bell rang, Clara cleaned the spill.","Before the bell rang, Clara cleaned the spill.",0.75,0.875,0.5555555555555556,0.0,0.0,8.0,0.0,0.75,0.875,0.5555555555555556,0.0,0.0,8.0,0.0,0.0,0.0,0.0,0.0,0.0,0.0,0.0
temporal_style_1_003,temporal_style_1,temporal,dev,dev,dev,Diego,Inez,clean,temporal_relation,Diego cleaned the spill after the bell rang.,"Once the bell rang, Diego cleaned the spill.","Before the bell rang, Diego cleaned the spill.",0.75,0.875,0.5555555555555556,0.0,0.0,8.0,0.0,0.75,0.875,0.5555555555555556,0.0,0.0,8.0,0.0,0.0,0.0,0.0,0.0,0.0,0.0,0.0
temporal_style_1_004,temporal_style_1,temporal,dev,dev,dev,Elena,Jonah,clean,temporal_relation,Elena cleaned the spill after the bell rang.,"Once the bell rang, Elena cleaned the spill.","Before the bell rang, Elena cleaned the spill.",0.75,0.875,0.5555555555555556,0.0,0.0,8.0,0.0,0.75,0.875,0.5555555555555556,0.0,0.0,8.0,0.0,0.0,0.0,0.0,0.0,0.0,0.0,0.0
temporal_style_1_005,temporal_style_1,temporal,dev,dev,dev,Farid,Keira,clean,temporal_relation,Farid cleaned the spill after the bell rang.,"Once the bell rang, Farid cleaned the spill.","Before the bell rang, Farid cleaned the spill.",0.75,0.875,0.5555555555555556,0.0,0.0,8.0,0.0,0.75,0.875,0.5555555555555556,0.0,0.0,8.0,0.0,0.0,0.0,0.0,0.0,0.0,0.0,0.0
temporal_style_1_006,temporal_style_1,temporal,dev,dev,dev,Grace,Liam,clean,temporal_relation,Grace cleaned the spill after the bell rang.,"Once the bell rang, Grace cleaned the spill.","Before the bell rang, Grace cleaned the spill.",0.75,0.875,0.5555555555555556,0.0,0.0,8.0,0.0,0.75,0.875,0.5555555555555556,0.0,0.0,8.0,0.0,0.0,0.0,0.0,0.0,0.0,0.0,0.0
temporal_style_1_007,temporal_style_1,temporal,dev,dev,dev,Hugo,Maya,clean,temporal_relation,Hugo cleaned the spill after the bell rang.,"Once the bell rang, Hugo cleaned the spill.","Before the bell rang, Hugo cleaned the spill.",0.75,0.875,0.5555555555555556,0.0,0.0,8.0,0.0,0.75,0.875,0.5555555555555556,0.0,0.0,8.0,0.0,0.0,0.0,0.0,0.0,0.0,0.0,0.0
temporal_style_1_008,temporal_style_1,temporal,dev,dev,dev,Inez,Noah,clean,temporal_relation,Inez cleaned the spill after the bell rang.,"Once the bell rang, Inez cleaned the spill.","Before the bell rang, Inez cleaned the spill.",0.75,0.875,0.5555555555555556,0.0,0.0,8.0,0.0,0.75,0.875,0.5555555555555556,0.0,0.0,8.0,0.0,0.0,0.0,0.0,0.0,0.0,0.0,0.0
temporal_style_1_009,temporal_style_1,temporal,dev,dev,dev,Jonah,Ava,clean,temporal_relation,Jonah cleaned the spill after the bell rang.,"Once the bell rang, Jonah cleaned the spill.","Before the bell rang, Jonah cleaned the spill.",0.75,0.875,0.5555555555555556,0.0,0.0,8.0,0.0,0.75,0.875,0.5555555555555556,0.0,0.0,8.0,0.0,0.0,0.0,0.0,0.0,0.0,0.0,0.0
temporal_style_1_010,temporal_style_1,temporal,dev,dev,dev,Keira,Ben,clean,temporal_relation,Keira cleaned the spill after the bell rang.,"Once the bell rang, Keira cleaned the spill.","Before the bell rang, Keira cleaned the spill.",0.75,0.875,0.5555555555555556,0.0,0.0,8.0,0.0,0.75,0.875,0.5555555555555556,0.0,0.0,8.0,0.0,0.0,0.0,0.0,0.0,0.0,0.0,0.0
temporal_style_1_011,temporal_style_1,temporal,dev,dev,dev,Liam,Clara,clean,temporal_relation,Liam cleaned the spill after the bell rang.,"Once the bell rang, Liam cleaned the spill.","Before the bell rang, Liam cleaned the spill.",0.75,0.875,0.5555555555555556,0.0,0.0,8.0,0.0,0.75,0.875,0.5555555555555556,0.0,0.0,8.0,0.0,0.0,0.0,0.0,0.0,0.0,0.0,0.0
temporal_style_1_012,temporal_style_1,temporal,dev,dev,dev,Maya,Diego,clean,temporal_relation,Maya cleaned the spill after the bell rang.,"Once the bell rang, Maya cleaned the spill.","Before the bell rang, Maya cleaned the spill.",0.75,0.875,0.5555555555555556,0.0,0.0,8.0,0.0,0.75,0.875,0.5555555555555556,0.0,0.0,8.0,0.0,0.0,0.0,0.0,0.0,0.0,0.0,0.0
temporal_style_1_013,temporal_style_1,temporal,dev,dev,dev,Noah,Elena,clean,temporal_relation,Noah cleaned the spill after the bell rang.,"Once the bell rang, Noah cleaned the spill.","Before the bell rang, Noah cleaned the spill.",0.75,0.875,0.5555555555555556,0.0,0.0,8.0,0.0,0.75,0.875,0.5555555555555556,0.0,0.0,8.0,0.0,0.0,0.0,0.0,0.0,0.0,0.0,0.0
temporal_style_1_014,temporal_style_1,temporal,test_entity,dev,test,Priya,Victor,clean,temporal_relation,Priya cleaned the spill after the bell rang.,"Once the bell rang, Priya cleaned the spill.","Before the bell rang, Priya cleaned the spill.",0.75,0.875,0.5555555555555556,0.0,0.0,8.0,0.0,0.75,0.875,0.5555555555555556,0.0,0.0,8.0,0.0,0.0,0.0,0.0,0.0,0.0,0.0,0.0
temporal_style_1_015,temporal_style_1,temporal,test_entity,dev,test,Owen,Priya,clean,temporal_relation,Owen cleaned the spill after the bell rang.,"Once the bell rang, Owen cleaned the spill.","Before the bell rang, Owen cleaned the spill.",0.75,0.875,0.5555555555555556,0.0,0.0,8.0,0.0,0.75,0.875,0.5555555555555556,0.0,0.0,8.0,0.0,0.0,0.0,0.0,0.0,0.0,0.0,0.0
temporal_style_1_016,temporal_style_1,temporal,test_entity,dev,test,Rosa,Owen,clean,temporal_relation,Rosa cleaned the spill after the bell rang.,"Once the bell rang, Rosa cleaned the spill.","Before the bell rang, Rosa cleaned the spill.",0.75,0.875,0.5555555555555556,0.0,0.0,8.0,0.0,0.75,0.875,0.5555555555555556,0.0,0.0,8.0,0.0,0.0,0.0,0.0,0.0,0.0,0.0,0.0
temporal_style_1_017,temporal_style_1,temporal,test_entity,dev,test,Theo,Rosa,clean,temporal_relation,Theo cleaned the spill after the bell rang.,"Once the bell rang, Theo cleaned the spill.","Before the bell rang, Theo cleaned the spill.",0.75,0.875,0.5555555555555556,0.0,0.0,8.0,0.0,0.75,0.875,0.5555555555555556,0.0,0.0,8.0,0.0,0.0,0.0,0.0,0.0,0.0,0.0,0.0
temporal_style_1_018,temporal_style_1,temporal,test_entity,dev,test,Uma,Theo,clean,temporal_relation,Uma cleaned the spill after the bell rang.,"Once the bell rang, Uma cleaned the spill.","Before the bell rang, Uma cleaned the spill.",0.75,0.875,0.5555555555555556,0.0,0.0,8.0,0.0,0.75,0.875,0.5555555555555556,0.0,0.0,8.0,0.0,0.0,0.0,0.0,0.0,0.0,0.0,0.0
temporal_style_1_019,temporal_style_1,temporal,test_entity,dev,test,Victor,Uma,clean,temporal_relation,Victor cleaned the spill after the bell rang.,"Once the bell rang, Victor cleaned the spill.","Before the bell rang, Victor cleaned the spill.",0.75,0.875,0.5555555555555556,0.0,0.0,8.0,0.0,0.75,0.875,0.5555555555555556,0.0,0.0,8.0,0.0,0.0,0.0,0.0,0.0,0.0,0.0,0.0
temporal_style_2_000,temporal_style_2,temporal,test_template,test,dev,Ava,Farid,clean,temporal_relation,Ava cleaned the spill after the lights failed.,"Once the lights failed, Ava cleaned the spill.","Before the lights failed, Ava cleaned the spill.",0.75,0.875,0.5555555555555556,0.0,0.0,8.0,0.0,0.75,0.875,0.5555555555555556,0.0,0.0,8.0,0.0,0.0,0.0,0.0,0.0,0.0,0.0,0.0
temporal_style_2_001,temporal_style_2,temporal,test_template,test,dev,Ben,Grace,clean,temporal_relation,Ben cleaned the spill after the lights failed.,"Once the lights failed, Ben cleaned the spill.","Before the lights failed, Ben cleaned the spill.",0.75,0.875,0.5555555555555556,0.0,0.0,8.0,0.0,0.75,0.875,0.5555555555555556,0.0,0.0,8.0,0.0,0.0,0.0,0.0,0.0,0.0,0.0,0.0
temporal_style_2_002,temporal_style_2,temporal,test_template,test,dev,Clara,Hugo,clean,temporal_relation,Clara cleaned the spill after the lights failed.,"Once the lights failed, Clara cleaned the spill.","Before the lights failed, Clara cleaned the spill.",0.75,0.875,0.5555555555555556,0.0,0.0,8.0,0.0,0.75,0.875,0.5555555555555556,0.0,0.0,8.0,0.0,0.0,0.0,0.0,0.0,0.0,0.0,0.0
temporal_style_2_003,temporal_style_2,temporal,test_template,test,dev,Diego,Inez,clean,temporal_relation,Diego cleaned the spill after the lights failed.,"Once the lights failed, Diego cleaned the spill.","Before the lights failed, Diego cleaned the spill.",0.75,0.875,0.5555555555555556,0.0,0.0,8.0,0.0,0.75,0.875,0.5555555555555556,0.0,0.0,8.0,0.0,0.0,0.0,0.0,0.0,0.0,0.0,0.0
temporal_style_2_004,temporal_style_2,temporal,test_template,test,dev,Elena,Jonah,clean,temporal_relation,Elena cleaned the spill after the lights failed.,"Once the lights failed, Elena cleaned the spill.","Before the lights failed, Elena cleaned the spill.",0.75,0.875,0.5555555555555556,0.0,0.0,8.0,0.0,0.75,0.875,0.5555555555555556,0.0,0.0,8.0,0.0,0.0,0.0,0.0,0.0,0.0,0.0,0.0
temporal_style_2_005,temporal_style_2,temporal,test_template,test,dev,Farid,Keira,clean,temporal_relation,Farid cleaned the spill after the lights failed.,"Once the lights failed, Farid cleaned the spill.","Before the lights failed, Farid cleaned the spill.",0.75,0.875,0.5555555555555556,0.0,0.0,8.0,0.0,0.75,0.875,0.5555555555555556,0.0,0.0,8.0,0.0,0.0,0.0,0.0,0.0,0.0,0.0,0.0
temporal_style_2_006,temporal_style_2,temporal,test_template,test,dev,Grace,Liam,clean,temporal_relation,Grace cleaned the spill after the lights failed.,"Once the lights failed, Grace cleaned the spill.","Before the lights failed, Grace cleaned the spill.",0.75,0.875,0.5555555555555556,0.0,0.0,8.0,0.0,0.75,0.875,0.5555555555555556,0.0,0.0,8.0,0.0,0.0,0.0,0.0,0.0,0.0,0.0,0.0
temporal_style_2_007,temporal_style_2,temporal,test_template,test,dev,Hugo,Maya,clean,temporal_relation,Hugo cleaned the spill after the lights failed.,"Once the lights failed, Hugo cleaned the spill.","Before the lights failed, Hugo cleaned the spill.",0.75,0.875,0.5555555555555556,0.0,0.0,8.0,0.0,0.75,0.875,0.5555555555555556,0.0,0.0,8.0,0.0,0.0,0.0,0.0,0.0,0.0,0.0,0.0
temporal_style_2_008,temporal_style_2,temporal,test_template,test,dev,Inez,Noah,clean,temporal_relation,Inez cleaned the spill after the lights failed.,"Once the lights failed, Inez cleaned the spill.","Before the lights failed, Inez cleaned the spill.",0.75,0.875,0.5555555555555556,0.0,0.0,8.0,0.0,0.75,0.875,0.5555555555555556,0.0,0.0,8.0,0.0,0.0,0.0,0.0,0.0,0.0,0.0,0.0
temporal_style_2_009,temporal_style_2,temporal,test_template,test,dev,Jonah,Ava,clean,temporal_relation,Jonah cleaned the spill after the lights failed.,"Once the lights failed, Jonah cleaned the spill.","Before the lights failed, Jonah cleaned the spill.",0.75,0.875,0.5555555555555556,0.0,0.0,8.0,0.0,0.75,0.875,0.5555555555555556,0.0,0.0,8.0,0.0,0.0,0.0,0.0,0.0,0.0,0.0,0.0
temporal_style_2_010,temporal_style_2,temporal,test_template,test,dev,Keira,Ben,clean,temporal_relation,Keira cleaned the spill after the lights failed.,"Once the lights failed, Keira cleaned the spill.","Before the lights failed, Keira cleaned the spill.",0.75,0.875,0.5555555555555556,0.0,0.0,8.0,0.0,0.75,0.875,0.5555555555555556,0.0,0.0,8.0,0.0,0.0,0.0,0.0,0.0,0.0,0.0,0.0
temporal_style_2_011,temporal_style_2,temporal,test_template,test,dev,Liam,Clara,clean,temporal_relation,Liam cleaned the spill after the lights failed.,"Once the lights failed, Liam cleaned the spill.","Before the lights failed, Liam cleaned the spill.",0.75,0.875,0.5555555555555556,0.0,0.0,8.0,0.0,0.75,0.875,0.5555555555555556,0.0,0.0,8.0,0.0,0.0,0.0,0.0,0.0,0.0,0.0,0.0
temporal_style_2_012,temporal_style_2,temporal,test_template,test,dev,Maya,Diego,clean,temporal_relation,Maya cleaned the spill after the lights failed.,"Once the lights failed, Maya cleaned the spill.","Before the lights failed, Maya cleaned the spill.",0.75,0.875,0.5555555555555556,0.0,0.0,8.0,0.0,0.75,0.875,0.5555555555555556,0.0,0.0,8.0,0.0,0.0,0.0,0.0,0.0,0.0,0.0,0.0
temporal_style_2_013,temporal_style_2,temporal,test_template,test,dev,Noah,Elena,clean,temporal_relation,Noah cleaned the spill after the lights failed.,"Once the lights failed, Noah cleaned the spill.","Before the lights failed, Noah cleaned the spill.",0.75,0.875,0.5555555555555556,0.0,0.0,8.0,0.0,0.75,0.875,0.5555555555555556,0.0,0.0,8.0,0.0,0.0,0.0,0.0,0.0,0.0,0.0,0.0
temporal_style_2_014,temporal_style_2,temporal,test_both,test,test,Priya,Victor,clean,temporal_relation,Priya cleaned the spill after the lights failed.,"Once the lights failed, Priya cleaned the spill.","Before the lights failed, Priya cleaned the spill.",0.75,0.875,0.5555555555555556,0.0,0.0,8.0,0.0,0.75,0.875,0.5555555555555556,0.0,0.0,8.0,0.0,0.0,0.0,0.0,0.0,0.0,0.0,0.0
temporal_style_2_015,temporal_style_2,temporal,test_both,test,test,Owen,Priya,clean,temporal_relation,Owen cleaned the spill after the lights failed.,"Once the lights failed, Owen cleaned the spill.","Before the lights failed, Owen cleaned the spill.",0.75,0.875,0.5555555555555556,0.0,0.0,8.0,0.0,0.75,0.875,0.5555555555555556,0.0,0.0,8.0,0.0,0.0,0.0,0.0,0.0,0.0,0.0,0.0
temporal_style_2_016,temporal_style_2,temporal,test_both,test,test,Rosa,Owen,clean,temporal_relation,Rosa cleaned the spill after the lights failed.,"Once the lights failed, Rosa cleaned the spill.","Before the lights failed, Rosa cleaned the spill.",0.75,0.875,0.5555555555555556,0.0,0.0,8.0,0.0,0.75,0.875,0.5555555555555556,0.0,0.0,8.0,0.0,0.0,0.0,0.0,0.0,0.0,0.0,0.0
temporal_style_2_017,temporal_style_2,temporal,test_both,test,test,Theo,Rosa,clean,temporal_relation,Theo cleaned the spill after the lights failed.,"Once the lights failed, Theo cleaned the spill.","Before the lights failed, Theo cleaned the spill.",0.75,0.875,0.5555555555555556,0.0,0.0,8.0,0.0,0.75,0.875,0.5555555555555556,0.0,0.0,8.0,0.0,0.0,0.0,0.0,0.0,0.0,0.0,0.0
temporal_style_2_018,temporal_style_2,temporal,test_both,test,test,Uma,Theo,clean,temporal_relation,Uma cleaned the spill after the lights failed.,"Once the lights failed, Uma cleaned the spill.","Before the lights failed, Uma cleaned the spill.",0.75,0.875,0.5555555555555556,0.0,0.0,8.0,0.0,0.75,0.875,0.5555555555555556,0.0,0.0,8.0,0.0,0.0,0.0,0.0,0.0,0.0,0.0,0.0
temporal_style_2_019,temporal_style_2,temporal,test_both,test,test,Victor,Uma,clean,temporal_relation,Victor cleaned the spill after the lights failed.,"Once the lights failed, Victor cleaned the spill.","Before the lights failed, Victor cleaned the spill.",0.75,0.875,0.5555555555555556,0.0,0.0,8.0,0.0,0.75,0.875,0.5555555555555556,0.0,0.0,8.0,0.0,0.0,0.0,0.0,0.0,0.0,0.0,0.0
polarity_style_0_000,polarity_style_0,polarity,dev,dev,dev,Ava,Farid,repair,polarity,Ava did repair the bike because it was broken.,"Since the bike was broken, Ava did mend it.","Because the bike was broken, Ava did not fix it.",0.6363636363636364,0.7777777777777778,0.23076923076923078,0.0,0.0,9.0,0.0,0.7272727272727273,0.8421052631578947,0.21428571428571427,0.0,0.0,10.0,1.0,0.09090909090909094,0.0643274853801169,0.016483516483516508,0.0,0.0,1.0,1.1717200927727243
polarity_style_0_001,polarity_style_0,polarity,dev,dev,dev,Ben,Grace,repair,polarity,Ben did repair the radio because it was broken.,"Since the radio was broken, Ben did mend it.","Because the radio was broken, Ben did not fix it.",0.6363636363636364,0.7777777777777778,0.23076923076923078,0.0,0.0,9.0,0.0,0.7272727272727273,0.8421052631578947,0.21428571428571427,0.0,0.0,10.0,1.0,0.09090909090909094,0.0643274853801169,0.016483516483516508,0.0,0.0,1.0,1.1717200927727243
polarity_style_0_002,polarity_style_0,polarity,dev,dev,dev,Clara,Hugo,repair,polarity,Clara did repair the lamp because it was broken.,"Since the lamp was broken, Clara did mend it.","Because the lamp was broken, Clara did not fix it.",0.6363636363636364,0.7777777777777778,0.23076923076923078,0.0,0.0,9.0,0.0,0.7272727272727273,0.8421052631578947,0.21428571428571427,0.0,0.0,10.0,1.0,0.09090909090909094,0.0643274853801169,0.016483516483516508,0.0,0.0,1.0,1.1717200927727243
polarity_style_0_003,polarity_style_0,polarity,dev,dev,dev,Diego,Inez,repair,polarity,Diego did repair the gate because it was broken.,"Since the gate was broken, Diego did mend it.","Because the gate was broken, Diego did not fix it.",0.6363636363636364,0.7777777777777778,0.23076923076923078,0.0,0.0,9.0,0.0,0.7272727272727273,0.8421052631578947,0.21428571428571427,0.0,0.0,10.0,1.0,0.09090909090909094,0.0643274853801169,0.016483516483516508,0.0,0.0,1.0,1.1717200927727243
polarity_style_0_004,polarity_style_0,polarity,dev,dev,dev,Elena,Jonah,repair,polarity,Elena did repair the engine because it was broken.,"Since the engine was broken, Elena did mend it.","Because the engine was broken, Elena did not fix it.",0.6363636363636364,0.7777777777777778,0.23076923076923078,0.0,0.0,9.0,0.0,0.7272727272727273,0.8421052631578947,0.21428571428571427,0.0,0.0,10.0,1.0,0.09090909090909094,0.0643274853801169,0.016483516483516508,0.0,0.0,1.0,1.1717200927727243
polarity_style_0_005,polarity_style_0,polarity,dev,dev,dev,Farid,Keira,repair,polarity,Farid did repair the bike because it was broken.,"Since the bike was broken, Farid did mend it.","Because the bike was broken, Farid did not fix it.",0.6363636363636364,0.7777777777777778,0.23076923076923078,0.0,0.0,9.0,0.0,0.7272727272727273,0.8421052631578947,0.21428571428571427,0.0,0.0,10.0,1.0,0.09090909090909094,0.0643274853801169,0.016483516483516508,0.0,0.0,1.0,1.1717200927727243
polarity_style_0_006,polarity_style_0,polarity,dev,dev,dev,Grace,Liam,repair,polarity,Grace did repair the radio because it was broken.,"Since the radio was broken, Grace did mend it.","Because the radio was broken, Grace did not fix it.",0.6363636363636364,0.7777777777777778,0.23076923076923078,0.0,0.0,9.0,0.0,0.7272727272727273,0.8421052631578947,0.21428571428571427,0.0,0.0,10.0,1.0,0.09090909090909094,0.0643274853801169,0.016483516483516508,0.0,0.0,1.0,1.1717200927727243
polarity_style_0_007,polarity_style_0,polarity,dev,dev,dev,Hugo,Maya,repair,polarity,Hugo did repair the lamp because it was broken.,"Since the lamp was broken, Hugo did mend it.","Because the lamp was broken, Hugo did not fix it.",0.6363636363636364,0.7777777777777778,0.23076923076923078,0.0,0.0,9.0,0.0,0.7272727272727273,0.8421052631578947,0.21428571428571427,0.0,0.0,10.0,1.0,0.09090909090909094,0.0643274853801169,0.016483516483516508,0.0,0.0,1.0,1.1717200927727243
polarity_style_0_008,polarity_style_0,polarity,dev,dev,dev,Inez,Noah,repair,polarity,Inez did repair the gate because it was broken.,"Since the gate was broken, Inez did mend it.","Because the gate was broken, Inez did not fix it.",0.6363636363636364,0.7777777777777778,0.23076923076923078,0.0,0.0,9.0,0.0,0.7272727272727273,0.8421052631578947,0.21428571428571427,0.0,0.0,10.0,1.0,0.09090909090909094,0.0643274853801169,0.016483516483516508,0.0,0.0,1.0,1.1717200927727243
polarity_style_0_009,polarity_style_0,polarity,dev,dev,dev,Jonah,Ava,repair,polarity,Jonah did repair the engine because it was broken.,"Since the engine was broken, Jonah did mend it.","Because the engine was broken, Jonah did not fix it.",0.6363636363636364,0.7777777777777778,0.23076923076923078,0.0,0.0,9.0,0.0,0.7272727272727273,0.8421052631578947,0.21428571428571427,0.0,0.0,10.0,1.0,0.09090909090909094,0.0643274853801169,0.016483516483516508,0.0,0.0,1.0,1.1717200927727243
polarity_style_0_010,polarity_style_0,polarity,dev,dev,dev,Keira,Ben,repair,polarity,Keira did repair the bike because it was broken.,"Since the bike was broken, Keira did mend it.","Because the bike was broken, Keira did not fix it.",0.6363636363636364,0.7777777777777778,0.23076923076923078,0.0,0.0,9.0,0.0,0.7272727272727273,0.8421052631578947,0.21428571428571427,0.0,0.0,10.0,1.0,0.09090909090909094,0.0643274853801169,0.016483516483516508,0.0,0.0,1.0,1.1717200927727243
polarity_style_0_011,polarity_style_0,polarity,dev,dev,dev,Liam,Clara,repair,polarity,Liam did repair the radio because it was broken.,"Since the radio was broken, Liam did mend it.","Because the radio was broken, Liam did not fix it.",0.6363636363636364,0.7777777777777778,0.23076923076923078,0.0,0.0,9.0,0.0,0.7272727272727273,0.8421052631578947,0.21428571428571427,0.0,0.0,10.0,1.0,0.09090909090909094,0.0643274853801169,0.016483516483516508,0.0,0.0,1.0,1.1717200927727243
polarity_style_0_012,polarity_style_0,polarity,dev,dev,dev,Maya,Diego,repair,polarity,Maya did repair the lamp because it was broken.,"Since the lamp was broken, Maya did mend it.","Because the lamp was broken, Maya did not fix it.",0.6363636363636364,0.7777777777777778,0.23076923076923078,0.0,0.0,9.0,0.0,0.7272727272727273,0.8421052631578947,0.21428571428571427,0.0,0.0,10.0,1.0,0.09090909090909094,0.0643274853801169,0.016483516483516508,0.0,0.0,1.0,1.1717200927727243
polarity_style_0_013,polarity_style_0,polarity,dev,dev,dev,Noah,Elena,repair,polarity,Noah did repair the gate because it was broken.,"Since the gate was broken, Noah did mend it.","Because the gate was broken, Noah did not fix it.",0.6363636363636364,0.7777777777777778,0.23076923076923078,0.0,0.0,9.0,0.0,0.7272727272727273,0.8421052631578947,0.21428571428571427,0.0,0.0,10.0,1.0,0.09090909090909094,0.0643274853801169,0.016483516483516508,0.0,0.0,1.0,1.1717200927727243
polarity_style_0_014,polarity_style_0,polarity,test_entity,dev,test,Priya,Victor,repair,polarity,Priya did repair the engine because it was broken.,"Since the engine was broken, Priya did mend it.","Because the engine was broken, Priya did not fix it.",0.6363636363636364,0.7777777777777778,0.23076923076923078,0.0,0.0,9.0,0.0,0.7272727272727273,0.8421052631578947,0.21428571428571427,0.0,0.0,10.0,1.0,0.09090909090909094,0.0643274853801169,0.016483516483516508,0.0,0.0,1.0,1.1717200927727243
polarity_style_0_015,polarity_style_0,polarity,test_entity,dev,test,Owen,Priya,repair,polarity,Owen did repair the bike because it was broken.,"Since the bike was broken, Owen did mend it.","Because the bike was broken, Owen did not fix it.",0.6363636363636364,0.7777777777777778,0.23076923076923078,0.0,0.0,9.0,0.0,0.7272727272727273,0.8421052631578947,0.21428571428571427,0.0,0.0,10.0,1.0,0.09090909090909094,0.0643274853801169,0.016483516483516508,0.0,0.0,1.0,1.1717200927727243
polarity_style_0_016,polarity_style_0,polarity,test_entity,dev,test,Rosa,Owen,repair,polarity,Rosa did repair the radio because it was broken.,"Since the radio was broken, Rosa did mend it.","Because the radio was broken, Rosa did not fix it.",0.6363636363636364,0.7777777777777778,0.23076923076923078,0.0,0.0,9.0,0.0,0.7272727272727273,0.8421052631578947,0.21428571428571427,0.0,0.0,10.0,1.0,0.09090909090909094,0.0643274853801169,0.016483516483516508,0.0,0.0,1.0,1.1717200927727243
polarity_style_0_017,polarity_style_0,polarity,test_entity,dev,test,Theo,Rosa,repair,polarity,Theo did repair the lamp because it was broken.,"Since the lamp was broken, Theo did mend it.","Because the lamp was broken, Theo did not fix it.",0.6363636363636364,0.7777777777777778,0.23076923076923078,0.0,0.0,9.0,0.0,0.7272727272727273,0.8421052631578947,0.21428571428571427,0.0,0.0,10.0,1.0,0.09090909090909094,0.0643274853801169,0.016483516483516508,0.0,0.0,1.0,1.1717200927727243
polarity_style_0_018,polarity_style_0,polarity,test_entity,dev,test,Uma,Theo,repair,polarity,Uma did repair the gate because it was broken.,"Since the gate was broken, Uma did mend it.","Because the gate was broken, Uma did not fix it.",0.6363636363636364,0.7777777777777778,0.23076923076923078,0.0,0.0,9.0,0.0,0.7272727272727273,0.8421052631578947,0.21428571428571427,0.0,0.0,10.0,1.0,0.09090909090909094,0.0643274853801169,0.016483516483516508,0.0,0.0,1.0,1.1717200927727243
polarity_style_0_019,polarity_style_0,polarity,test_entity,dev,test,Victor,Uma,repair,polarity,Victor did repair the engine because it was broken.,"Since the engine was broken, Victor did mend it.","Because the engine was broken, Victor did not fix it.",0.6363636363636364,0.7777777777777778,0.23076923076923078,0.0,0.0,9.0,0.0,0.7272727272727273,0.8421052631578947,0.21428571428571427,0.0,0.0,10.0,1.0,0.09090909090909094,0.0643274853801169,0.016483516483516508,0.0,0.0,1.0,1.1717200927727243
polarity_style_1_000,polarity_style_1,polarity,dev,dev,dev,Ava,Farid,repair,polarity,Ava did repair the radio because it was broken.,"Since the radio was broken, Ava did mend it.","Because the radio was broken, Ava did not fix it.",0.6363636363636364,0.7777777777777778,0.23076923076923078,0.0,0.0,9.0,0.0,0.7272727272727273,0.8421052631578947,0.21428571428571427,0.0,0.0,10.0,1.0,0.09090909090909094,0.0643274853801169,0.016483516483516508,0.0,0.0,1.0,1.1717200927727243
polarity_style_1_001,polarity_style_1,polarity,dev,dev,dev,Ben,Grace,repair,polarity,Ben did repair the lamp because it was broken.,"Since the lamp was broken, Ben did mend it.","Because the lamp was broken, Ben did not fix it.",0.6363636363636364,0.7777777777777778,0.23076923076923078,0.0,0.0,9.0,0.0,0.7272727272727273,0.8421052631578947,0.21428571428571427,0.0,0.0,10.0,1.0,0.09090909090909094,0.0643274853801169,0.016483516483516508,0.0,0.0,1.0,1.1717200927727243
polarity_style_1_002,polarity_style_1,polarity,dev,dev,dev,Clara,Hugo,repair,polarity,Clara did repair the gate because it was broken.,"Since the gate was broken, Clara did mend it.","Because the gate was broken, Clara did not fix it.",0.6363636363636364,0.7777777777777778,0.23076923076923078,0.0,0.0,9.0,0.0,0.7272727272727273,0.8421052631578947,0.21428571428571427,0.0,0.0,10.0,1.0,0.09090909090909094,0.0643274853801169,0.016483516483516508,0.0,0.0,1.0,1.1717200927727243
polarity_style_1_003,polarity_style_1,polarity,dev,dev,dev,Diego,Inez,repair,polarity,Diego did repair the engine because it was broken.,"Since the engine was broken, Diego did mend it.","Because the engine was broken, Diego did not fix it.",0.6363636363636364,0.7777777777777778,0.23076923076923078,0.0,0.0,9.0,0.0,0.7272727272727273,0.8421052631578947,0.21428571428571427,0.0,0.0,10.0,1.0,0.09090909090909094,0.0643274853801169,0.016483516483516508,0.0,0.0,1.0,1.1717200927727243
polarity_style_1_004,polarity_style_1,polarity,dev,dev,dev,Elena,Jonah,repair,polarity,Elena did repair the bike because it was broken.,"Since the bike was broken, Elena did mend it.","Because the bike was broken, Elena did not fix it.",0.6363636363636364,0.7777777777777778,0.23076923076923078,0.0,0.0,9.0,0.0,0.7272727272727273,0.8421052631578947,0.21428571428571427,0.0,0.0,10.0,1.0,0.09090909090909094,0.0643274853801169,0.016483516483516508,0.0,0.0,1.0,1.1717200927727243
polarity_style_1_005,polarity_style_1,polarity,dev,dev,dev,Farid,Keira,repair,polarity,Farid did repair the radio because it was broken.,"Since the radio was broken, Farid did mend it.","Because the radio was broken, Farid did not fix it.",0.6363636363636364,0.7777777777777778,0.23076923076923078,0.0,0.0,9.0,0.0,0.7272727272727273,0.8421052631578947,0.21428571428571427,0.0,0.0,10.0,1.0,0.09090909090909094,0.0643274853801169,0.016483516483516508,0.0,0.0,1.0,1.1717200927727243
polarity_style_1_006,polarity_style_1,polarity,dev,dev,dev,Grace,Liam,repair,polarity,Grace did repair the lamp because it was broken.,"Since the lamp was broken, Grace did mend it.","Because the lamp was broken, Grace did not fix it.",0.6363636363636364,0.7777777777777778,0.23076923076923078,0.0,0.0,9.0,0.0,0.7272727272727273,0.8421052631578947,0.21428571428571427,0.0,0.0,10.0,1.0,0.09090909090909094,0.0643274853801169,0.016483516483516508,0.0,0.0,1.0,1.1717200927727243
polarity_style_1_007,polarity_style_1,polarity,dev,dev,dev,Hugo,Maya,repair,polarity,Hugo did repair the gate because it was broken.,"Since the gate was broken, Hugo did mend it.","Because the gate was broken, Hugo did not fix it.",0.6363636363636364,0.7777777777777778,0.23076923076923078,0.0,0.0,9.0,0.0,0.7272727272727273,0.8421052631578947,0.21428571428571427,0.0,0.0,10.0,1.0,0.09090909090909094,0.0643274853801169,0.016483516483516508,0.0,0.0,1.0,1.1717200927727243
polarity_style_1_008,polarity_style_1,polarity,dev,dev,dev,Inez,Noah,repair,polarity,Inez did repair the engine because it was broken.,"Since the engine was broken, Inez did mend it.","Because the engine was broken, Inez did not fix it.",0.6363636363636364,0.7777777777777778,0.23076923076923078,0.0,0.0,9.0,0.0,0.7272727272727273,0.8421052631578947,0.21428571428571427,0.0,0.0,10.0,1.0,0.09090909090909094,0.0643274853801169,0.016483516483516508,0.0,0.0,1.0,1.1717200927727243
polarity_style_1_009,polarity_style_1,polarity,dev,dev,dev,Jonah,Ava,repair,polarity,Jonah did repair the bike because it was broken.,"Since the bike was broken, Jonah did mend it.","Because the bike was broken, Jonah did not fix it.",0.6363636363636364,0.7777777777777778,0.23076923076923078,0.0,0.0,9.0,0.0,0.7272727272727273,0.8421052631578947,0.21428571428571427,0.0,0.0,10.0,1.0,0.09090909090909094,0.0643274853801169,0.016483516483516508,0.0,0.0,1.0,1.1717200927727243
polarity_style_1_010,polarity_style_1,polarity,dev,dev,dev,Keira,Ben,repair,polarity,Keira did repair the radio because it was broken.,"Since the radio was broken, Keira did mend it.","Because the radio was broken, Keira did not fix it.",0.6363636363636364,0.7777777777777778,0.23076923076923078,0.0,0.0,9.0,0.0,0.7272727272727273,0.8421052631578947,0.21428571428571427,0.0,0.0,10.0,1.0,0.09090909090909094,0.0643274853801169,0.016483516483516508,0.0,0.0,1.0,1.1717200927727243
polarity_style_1_011,polarity_style_1,polarity,dev,dev,dev,Liam,Clara,repair,polarity,Liam did repair the lamp because it was broken.,"Since the lamp was broken, Liam did mend it.","Because the lamp was broken, Liam did not fix it.",0.6363636363636364,0.7777777777777778,0.23076923076923078,0.0,0.0,9.0,0.0,0.7272727272727273,0.8421052631578947,0.21428571428571427,0.0,0.0,10.0,1.0,0.09090909090909094,0.0643274853801169,0.016483516483516508,0.0,0.0,1.0,1.1717200927727243
polarity_style_1_012,polarity_style_1,polarity,dev,dev,dev,Maya,Diego,repair,polarity,Maya did repair the gate because it was broken.,"Since the gate was broken, Maya did mend it.","Because the gate was broken, Maya did not fix it.",0.6363636363636364,0.7777777777777778,0.23076923076923078,0.0,0.0,9.0,0.0,0.7272727272727273,0.8421052631578947,0.21428571428571427,0.0,0.0,10.0,1.0,0.09090909090909094,0.0643274853801169,0.016483516483516508,0.0,0.0,1.0,1.1717200927727243
polarity_style_1_013,polarity_style_1,polarity,dev,dev,dev,Noah,Elena,repair,polarity,Noah did repair the engine because it was broken.,"Since the engine was broken, Noah did mend it.","Because the engine was broken, Noah did not fix it.",0.6363636363636364,0.7777777777777778,0.23076923076923078,0.0,0.0,9.0,0.0,0.7272727272727273,0.8421052631578947,0.21428571428571427,0.0,0.0,10.0,1.0,0.09090909090909094,0.0643274853801169,0.016483516483516508,0.0,0.0,1.0,1.1717200927727243
polarity_style_1_014,polarity_style_1,polarity,test_entity,dev,test,Priya,Victor,repair,polarity,Priya did repair the bike because it was broken.,"Since the bike was broken, Priya did mend it.","Because the bike was broken, Priya did not fix it.",0.6363636363636364,0.7777777777777778,0.23076923076923078,0.0,0.0,9.0,0.0,0.7272727272727273,0.8421052631578947,0.21428571428571427,0.0,0.0,10.0,1.0,0.09090909090909094,0.0643274853801169,0.016483516483516508,0.0,0.0,1.0,1.1717200927727243
polarity_style_1_015,polarity_style_1,polarity,test_entity,dev,test,Owen,Priya,repair,polarity,Owen did repair the radio because it was broken.,"Since the radio was broken, Owen did mend it.","Because the radio was broken, Owen did not fix it.",0.6363636363636364,0.7777777777777778,0.23076923076923078,0.0,0.0,9.0,0.0,0.7272727272727273,0.8421052631578947,0.21428571428571427,0.0,0.0,10.0,1.0,0.09090909090909094,0.0643274853801169,0.016483516483516508,0.0,0.0,1.0,1.1717200927727243
polarity_style_1_016,polarity_style_1,polarity,test_entity,dev,test,Rosa,Owen,repair,polarity,Rosa did repair the lamp because it was broken.,"Since the lamp was broken, Rosa did mend it.","Because the lamp was broken, Rosa did not fix it.",0.6363636363636364,0.7777777777777778,0.23076923076923078,0.0,0.0,9.0,0.0,0.7272727272727273,0.8421052631578947,0.21428571428571427,0.0,0.0,10.0,1.0,0.09090909090909094,0.0643274853801169,0.016483516483516508,0.0,0.0,1.0,1.1717200927727243
polarity_style_1_017,polarity_style_1,polarity,test_entity,dev,test,Theo,Rosa,repair,polarity,Theo did repair the gate because it was broken.,"Since the gate was broken, Theo did mend it.","Because the gate was broken, Theo did not fix it.",0.6363636363636364,0.7777777777777778,0.23076923076923078,0.0,0.0,9.0,0.0,0.7272727272727273,0.8421052631578947,0.21428571428571427,0.0,0.0,10.0,1.0,0.09090909090909094,0.0643274853801169,0.016483516483516508,0.0,0.0,1.0,1.1717200927727243
polarity_style_1_018,polarity_style_1,polarity,test_entity,dev,test,Uma,Theo,repair,polarity,Uma did repair the engine because it was broken.,"Since the engine was broken, Uma did mend it.","Because the engine was broken, Uma did not fix it.",0.6363636363636364,0.7777777777777778,0.23076923076923078,0.0,0.0,9.0,0.0,0.7272727272727273,0.8421052631578947,0.21428571428571427,0.0,0.0,10.0,1.0,0.09090909090909094,0.0643274853801169,0.016483516483516508,0.0,0.0,1.0,1.1717200927727243
polarity_style_1_019,polarity_style_1,polarity,test_entity,dev,test,Victor,Uma,repair,polarity,Victor did repair the bike because it was broken.,"Since the bike was broken, Victor did mend it.","Because the bike was broken, Victor did not fix it.",0.6363636363636364,0.7777777777777778,0.23076923076923078,0.0,0.0,9.0,0.0,0.7272727272727273,0.8421052631578947,0.21428571428571427,0.0,0.0,10.0,1.0,0.09090909090909094,0.0643274853801169,0.016483516483516508,0.0,0.0,1.0,1.1717200927727243
polarity_style_2_000,polarity_style_2,polarity,test_template,test,dev,Ava,Farid,repair,polarity,Ava did repair the lamp because it was broken.,"Since the lamp was broken, Ava did mend it.","Because the lamp was broken, Ava did not fix it.",0.6363636363636364,0.7777777777777778,0.23076923076923078,0.0,0.0,9.0,0.0,0.7272727272727273,0.8421052631578947,0.21428571428571427,0.0,0.0,10.0,1.0,0.09090909090909094,0.0643274853801169,0.016483516483516508,0.0,0.0,1.0,1.1717200927727243
polarity_style_2_001,polarity_style_2,polarity,test_template,test,dev,Ben,Grace,repair,polarity,Ben did repair the gate because it was broken.,"Since the gate was broken, Ben did mend it.","Because the gate was broken, Ben did not fix it.",0.6363636363636364,0.7777777777777778,0.23076923076923078,0.0,0.0,9.0,0.0,0.7272727272727273,0.8421052631578947,0.21428571428571427,0.0,0.0,10.0,1.0,0.09090909090909094,0.0643274853801169,0.016483516483516508,0.0,0.0,1.0,1.1717200927727243
polarity_style_2_002,polarity_style_2,polarity,test_template,test,dev,Clara,Hugo,repair,polarity,Clara did repair the engine because it was broken.,"Since the engine was broken, Clara did mend it.","Because the engine was broken, Clara did not fix it.",0.6363636363636364,0.7777777777777778,0.23076923076923078,0.0,0.0,9.0,0.0,0.7272727272727273,0.8421052631578947,0.21428571428571427,0.0,0.0,10.0,1.0,0.09090909090909094,0.0643274853801169,0.016483516483516508,0.0,0.0,1.0,1.1717200927727243
polarity_style_2_003,polarity_style_2,polarity,test_template,test,dev,Diego,Inez,repair,polarity,Diego did repair the bike because it was broken.,"Since the bike was broken, Diego did mend it.","Because the bike was broken, Diego did not fix it.",0.6363636363636364,0.7777777777777778,0.23076923076923078,0.0,0.0,9.0,0.0,0.7272727272727273,0.8421052631578947,0.21428571428571427,0.0,0.0,10.0,1.0,0.09090909090909094,0.0643274853801169,0.016483516483516508,0.0,0.0,1.0,1.1717200927727243
polarity_style_2_004,polarity_style_2,polarity,test_template,test,dev,Elena,Jonah,repair,polarity,Elena did repair the radio because it was broken.,"Since the radio was broken, Elena did mend it.","Because the radio was broken, Elena did not fix it.",0.6363636363636364,0.7777777777777778,0.23076923076923078,0.0,0.0,9.0,0.0,0.7272727272727273,0.8421052631578947,0.21428571428571427,0.0,0.0,10.0,1.0,0.09090909090909094,0.0643274853801169,0.016483516483516508,0.0,0.0,1.0,1.1717200927727243
polarity_style_2_005,polarity_style_2,polarity,test_template,test,dev,Farid,Keira,repair,polarity,Farid did repair the lamp because it was broken.,"Since the lamp was broken, Farid did mend it.","Because the lamp was broken, Farid did not fix it.",0.6363636363636364,0.7777777777777778,0.23076923076923078,0.0,0.0,9.0,0.0,0.7272727272727273,0.8421052631578947,0.21428571428571427,0.0,0.0,10.0,1.0,0.09090909090909094,0.0643274853801169,0.016483516483516508,0.0,0.0,1.0,1.1717200927727243
polarity_style_2_006,polarity_style_2,polarity,test_template,test,dev,Grace,Liam,repair,polarity,Grace did repair the gate because it was broken.,"Since the gate was broken, Grace did mend it.","Because the gate was broken, Grace did not fix it.",0.6363636363636364,0.7777777777777778,0.23076923076923078,0.0,0.0,9.0,0.0,0.7272727272727273,0.8421052631578947,0.21428571428571427,0.0,0.0,10.0,1.0,0.09090909090909094,0.0643274853801169,0.016483516483516508,0.0,0.0,1.0,1.1717200927727243
polarity_style_2_007,polarity_style_2,polarity,test_template,test,dev,Hugo,Maya,repair,polarity,Hugo did repair the engine because it was broken.,"Since the engine was broken, Hugo did mend it.","Because the engine was broken, Hugo did not fix it.",0.6363636363636364,0.7777777777777778,0.23076923076923078,0.0,0.0,9.0,0.0,0.7272727272727273,0.8421052631578947,0.21428571428571427,0.0,0.0,10.0,1.0,0.09090909090909094,0.0643274853801169,0.016483516483516508,0.0,0.0,1.0,1.1717200927727243
polarity_style_2_008,polarity_style_2,polarity,test_template,test,dev,Inez,Noah,repair,polarity,Inez did repair the bike because it was broken.,"Since the bike was broken, Inez did mend it.","Because the bike was broken, Inez did not fix it.",0.6363636363636364,0.7777777777777778,0.23076923076923078,0.0,0.0,9.0,0.0,0.7272727272727273,0.8421052631578947,0.21428571428571427,0.0,0.0,10.0,1.0,0.09090909090909094,0.0643274853801169,0.016483516483516508,0.0,0.0,1.0,1.1717200927727243
polarity_style_2_009,polarity_style_2,polarity,test_template,test,dev,Jonah,Ava,repair,polarity,Jonah did repair the radio because it was broken.,"Since the radio was broken, Jonah did mend it.","Because the radio was broken, Jonah did not fix it.",0.6363636363636364,0.7777777777777778,0.23076923076923078,0.0,0.0,9.0,0.0,0.7272727272727273,0.8421052631578947,0.21428571428571427,0.0,0.0,10.0,1.0,0.09090909090909094,0.0643274853801169,0.016483516483516508,0.0,0.0,1.0,1.1717200927727243
polarity_style_2_010,polarity_style_2,polarity,test_template,test,dev,Keira,Ben,repair,polarity,Keira did repair the lamp because it was broken.,"Since the lamp was broken, Keira did mend it.","Because the lamp was broken, Keira did not fix it.",0.6363636363636364,0.7777777777777778,0.23076923076923078,0.0,0.0,9.0,0.0,0.7272727272727273,0.8421052631578947,0.21428571428571427,0.0,0.0,10.0,1.0,0.09090909090909094,0.0643274853801169,0.016483516483516508,0.0,0.0,1.0,1.1717200927727243
polarity_style_2_011,polarity_style_2,polarity,test_template,test,dev,Liam,Clara,repair,polarity,Liam did repair the gate because it was broken.,"Since the gate was broken, Liam did mend it.","Because the gate was broken, Liam did not fix it.",0.6363636363636364,0.7777777777777778,0.23076923076923078,0.0,0.0,9.0,0.0,0.7272727272727273,0.8421052631578947,0.21428571428571427,0.0,0.0,10.0,1.0,0.09090909090909094,0.0643274853801169,0.016483516483516508,0.0,0.0,1.0,1.1717200927727243
polarity_style_2_012,polarity_style_2,polarity,test_template,test,dev,Maya,Diego,repair,polarity,Maya did repair the engine because it was broken.,"Since the engine was broken, Maya did mend it.","Because the engine was broken, Maya did not fix it.",0.6363636363636364,0.7777777777777778,0.23076923076923078,0.0,0.0,9.0,0.0,0.7272727272727273,0.8421052631578947,0.21428571428571427,0.0,0.0,10.0,1.0,0.09090909090909094,0.0643274853801169,0.016483516483516508,0.0,0.0,1.0,1.1717200927727243
polarity_style_2_013,polarity_style_2,polarity,test_template,test,dev,Noah,Elena,repair,polarity,Noah did repair the bike because it was broken.,"Since the bike was broken, Noah did mend it.","Because the bike was broken, Noah did not fix it.",0.6363636363636364,0.7777777777777778,0.23076923076923078,0.0,0.0,9.0,0.0,0.7272727272727273,0.8421052631578947,0.21428571428571427,0.0,0.0,10.0,1.0,0.09090909090909094,0.0643274853801169,0.016483516483516508,0.0,0.0,1.0,1.1717200927727243
polarity_style_2_014,polarity_style_2,polarity,test_both,test,test,Priya,Victor,repair,polarity,Priya did repair the radio because it was broken.,"Since the radio was broken, Priya did mend it.","Because the radio was broken, Priya did not fix it.",0.6363636363636364,0.7777777777777778,0.23076923076923078,0.0,0.0,9.0,0.0,0.7272727272727273,0.8421052631578947,0.21428571428571427,0.0,0.0,10.0,1.0,0.09090909090909094,0.0643274853801169,0.016483516483516508,0.0,0.0,1.0,1.1717200927727243
polarity_style_2_015,polarity_style_2,polarity,test_both,test,test,Owen,Priya,repair,polarity,Owen did repair the lamp because it was broken.,"Since the lamp was broken, Owen did mend it.","Because the lamp was broken, Owen did not fix it.",0.6363636363636364,0.7777777777777778,0.23076923076923078,0.0,0.0,9.0,0.0,0.7272727272727273,0.8421052631578947,0.21428571428571427,0.0,0.0,10.0,1.0,0.09090909090909094,0.0643274853801169,0.016483516483516508,0.0,0.0,1.0,1.1717200927727243
polarity_style_2_016,polarity_style_2,polarity,test_both,test,test,Rosa,Owen,repair,polarity,Rosa did repair the gate because it was broken.,"Since the gate was broken, Rosa did mend it.","Because the gate was broken, Rosa did not fix it.",0.6363636363636364,0.7777777777777778,0.23076923076923078,0.0,0.0,9.0,0.0,0.7272727272727273,0.8421052631578947,0.21428571428571427,0.0,0.0,10.0,1.0,0.09090909090909094,0.0643274853801169,0.016483516483516508,0.0,0.0,1.0,1.1717200927727243
polarity_style_2_017,polarity_style_2,polarity,test_both,test,test,Theo,Rosa,repair,polarity,Theo did repair the engine because it was broken.,"Since the engine was broken, Theo did mend it.","Because the engine was broken, Theo did not fix it.",0.6363636363636364,0.7777777777777778,0.23076923076923078,0.0,0.0,9.0,0.0,0.7272727272727273,0.8421052631578947,0.21428571428571427,0.0,0.0,10.0,1.0,0.09090909090909094,0.0643274853801169,0.016483516483516508,0.0,0.0,1.0,1.1717200927727243
polarity_style_2_018,polarity_style_2,polarity,test_both,test,test,Uma,Theo,repair,polarity,Uma did repair the bike because it was broken.,"Since the bike was broken, Uma did mend it.","Because the bike was broken, Uma did not fix it.",0.6363636363636364,0.7777777777777778,0.23076923076923078,0.0,0.0,9.0,0.0,0.7272727272727273,0.8421052631578947,0.21428571428571427,0.0,0.0,10.0,1.0,0.09090909090909094,0.0643274853801169,0.016483516483516508,0.0,0.0,1.0,1.1717200927727243
polarity_style_2_019,polarity_style_2,polarity,test_both,test,test,Victor,Uma,repair,polarity,Victor did repair the radio because it was broken.,"Since the radio was broken, Victor did mend it.","Because the radio was broken, Victor did not fix it.",0.6363636363636364,0.7777777777777778,0.23076923076923078,0.0,0.0,9.0,0.0,0.7272727272727273,0.8421052631578947,0.21428571428571427,0.0,0.0,10.0,1.0,0.09090909090909094,0.0643274853801169,0.016483516483516508,0.0,0.0,1.0,1.1717200927727243
event_state_style_0_000,event_state_style_0,event_state,dev,dev,dev,Ava,Farid,carry,event,Ava carried the glass because it was fragile.,"Because the glass was fragile, Ava transported it.","Because the glass was fragile, Ava dropped it.",0.7777777777777778,0.875,0.16666666666666666,0.125,0.125,8.0,0.0,0.7777777777777778,0.875,0.16666666666666666,0.125,0.125,8.0,0.0,0.0,0.0,0.0,0.0,0.0,0.0,0.0
event_state_style_0_001,event_state_style_0,event_state,dev,dev,dev,Ben,Grace,carry,event,Ben carried the vase because it was fragile.,"Because the vase was fragile, Ben transported it.","Because the vase was fragile, Ben dropped it.",0.7777777777777778,0.875,0.16666666666666666,0.125,0.125,8.0,0.0,0.7777777777777778,0.875,0.16666666666666666,0.125,0.125,8.0,0.0,0.0,0.0,0.0,0.0,0.0,0.0,0.0
event_state_style_0_002,event_state_style_0,event_state,dev,dev,dev,Clara,Hugo,carry,event,Clara carried the box because it was fragile.,"Because the box was fragile, Clara transported it.","Because the box was fragile, Clara dropped it.",0.7777777777777778,0.875,0.16666666666666666,0.125,0.125,8.0,0.0,0.7777777777777778,0.875,0.16666666666666666,0.125,0.125,8.0,0.0,0.0,0.0,0.0,0.0,0.0,0.0,0.0
event_state_style_0_003,event_state_style_0,event_state,dev,dev,dev,Diego,Inez,carry,event,Diego carried the plate because it was fragile.,"Because the plate was fragile, Diego transported it.","Because the plate was fragile, Diego dropped it.",0.7777777777777778,0.875,0.16666666666666666,0.125,0.125,8.0,0.0,0.7777777777777778,0.875,0.16666666666666666,0.125,0.125,8.0,0.0,0.0,0.0,0.0,0.0,0.0,0.0,0.0
event_state_style_0_004,event_state_style_0,event_state,dev,dev,dev,Elena,Jonah,carry,event,Elena carried the lantern because it was fragile.,"Because the lantern was fragile, Elena transported it.","Because the lantern was fragile, Elena dropped it.",0.7777777777777778,0.875,0.16666666666666666,0.125,0.125,8.0,0.0,0.7777777777777778,0.875,0.16666666666666666,0.125,0.125,8.0,0.0,0.0,0.0,0.0,0.0,0.0,0.0,0.0
event_state_style_0_005,event_state_style_0,event_state,dev,dev,dev,Farid,Keira,carry,event,Farid carried the glass because it was fragile.,"Because the glass was fragile, Farid transported it.","Because the glass was fragile, Farid dropped it.",0.7777777777777778,0.875,0.16666666666666666,0.125,0.125,8.0,0.0,0.7777777777777778,0.875,0.16666666666666666,0.125,0.125,8.0,0.0,0.0,0.0,0.0,0.0,0.0,0.0,0.0
event_state_style_0_006,event_state_style_0,event_state,dev,dev,dev,Grace,Liam,carry,event,Grace carried the vase because it was fragile.,"Because the vase was fragile, Grace transported it.","Because the vase was fragile, Grace dropped it.",0.7777777777777778,0.875,0.16666666666666666,0.125,0.125,8.0,0.0,0.7777777777777778,0.875,0.16666666666666666,0.125,0.125,8.0,0.0,0.0,0.0,0.0,0.0,0.0,0.0,0.0
event_state_style_0_007,event_state_style_0,event_state,dev,dev,dev,Hugo,Maya,carry,event,Hugo carried the box because it was fragile.,"Because the box was fragile, Hugo transported it.","Because the box was fragile, Hugo dropped it.",0.7777777777777778,0.875,0.16666666666666666,0.125,0.125,8.0,0.0,0.7777777777777778,0.875,0.16666666666666666,0.125,0.125,8.0,0.0,0.0,0.0,0.0,0.0,0.0,0.0,0.0
event_state_style_0_008,event_state_style_0,event_state,dev,dev,dev,Inez,Noah,carry,event,Inez carried the plate because it was fragile.,"Because the plate was fragile, Inez transported it.","Because the plate was fragile, Inez dropped it.",0.7777777777777778,0.875,0.16666666666666666,0.125,0.125,8.0,0.0,0.7777777777777778,0.875,0.16666666666666666,0.125,0.125,8.0,0.0,0.0,0.0,0.0,0.0,0.0,0.0,0.0
event_state_style_0_009,event_state_style_0,event_state,dev,dev,dev,Jonah,Ava,carry,event,Jonah carried the lantern because it was fragile.,"Because the lantern was fragile, Jonah transported it.","Because the lantern was fragile, Jonah dropped it.",0.7777777777777778,0.875,0.16666666666666666,0.125,0.125,8.0,0.0,0.7777777777777778,0.875,0.16666666666666666,0.125,0.125,8.0,0.0,0.0,0.0,0.0,0.0,0.0,0.0,0.0
event_state_style_0_010,event_state_style_0,event_state,dev,dev,dev,Keira,Ben,carry,event,Keira carried the glass because it was fragile.,"Because the glass was fragile, Keira transported it.","Because the glass was fragile, Keira dropped it.",0.7777777777777778,0.875,0.16666666666666666,0.125,0.125,8.0,0.0,0.7777777777777778,0.875,0.16666666666666666,0.125,0.125,8.0,0.0,0.0,0.0,0.0,0.0,0.0,0.0,0.0
event_state_style_0_011,event_state_style_0,event_state,dev,dev,dev,Liam,Clara,carry,event,Liam carried the vase because it was fragile.,"Because the vase was fragile, Liam transported it.","Because the vase was fragile, Liam dropped it.",0.7777777777777778,0.875,0.16666666666666666,0.125,0.125,8.0,0.0,0.7777777777777778,0.875,0.16666666666666666,0.125,0.125,8.0,0.0,0.0,0.0,0.0,0.0,0.0,0.0,0.0
event_state_style_0_012,event_state_style_0,event_state,dev,dev,dev,Maya,Diego,carry,event,Maya carried the box because it was fragile.,"Because the box was fragile, Maya transported it.","Because the box was fragile, Maya dropped it.",0.7777777777777778,0.875,0.16666666666666666,0.125,0.125,8.0,0.0,0.7777777777777778,0.875,0.16666666666666666,0.125,0.125,8.0,0.0,0.0,0.0,0.0,0.0,0.0,0.0,0.0
event_state_style_0_013,event_state_style_0,event_state,dev,dev,dev,Noah,Elena,carry,event,Noah carried the plate because it was fragile.,"Because the plate was fragile, Noah transported it.","Because the plate was fragile, Noah dropped it.",0.7777777777777778,0.875,0.16666666666666666,0.125,0.125,8.0,0.0,0.7777777777777778,0.875,0.16666666666666666,0.125,0.125,8.0,0.0,0.0,0.0,0.0,0.0,0.0,0.0,0.0
event_state_style_0_014,event_state_style_0,event_state,test_entity,dev,test,Priya,Victor,carry,event,Priya carried the lantern because it was fragile.,"Because the lantern was fragile, Priya transported it.","Because the lantern was fragile, Priya dropped it.",0.7777777777777778,0.875,0.16666666666666666,0.125,0.125,8.0,0.0,0.7777777777777778,0.875,0.16666666666666666,0.125,0.125,8.0,0.0,0.0,0.0,0.0,0.0,0.0,0.0,0.0
event_state_style_0_015,event_state_style_0,event_state,test_entity,dev,test,Owen,Priya,carry,event,Owen carried the glass because it was fragile.,"Because the glass was fragile, Owen transported it.","Because the glass was fragile, Owen dropped it.",0.7777777777777778,0.875,0.16666666666666666,0.125,0.125,8.0,0.0,0.7777777777777778,0.875,0.16666666666666666,0.125,0.125,8.0,0.0,0.0,0.0,0.0,0.0,0.0,0.0,0.0
event_state_style_0_016,event_state_style_0,event_state,test_entity,dev,test,Rosa,Owen,carry,event,Rosa carried the vase because it was fragile.,"Because the vase was fragile, Rosa transported it.","Because the vase was fragile, Rosa dropped it.",0.7777777777777778,0.875,0.16666666666666666,0.125,0.125,8.0,0.0,0.7777777777777778,0.875,0.16666666666666666,0.125,0.125,8.0,0.0,0.0,0.0,0.0,0.0,0.0,0.0,0.0
event_state_style_0_017,event_state_style_0,event_state,test_entity,dev,test,Theo,Rosa,carry,event,Theo carried the box because it was fragile.,"Because the box was fragile, Theo transported it.","Because the box was fragile, Theo dropped it.",0.7777777777777778,0.875,0.16666666666666666,0.125,0.125,8.0,0.0,0.7777777777777778,0.875,0.16666666666666666,0.125,0.125,8.0,0.0,0.0,0.0,0.0,0.0,0.0,0.0,0.0
event_state_style_0_018,event_state_style_0,event_state,test_entity,dev,test,Uma,Theo,carry,event,Uma carried the plate because it was fragile.,"Because the plate was fragile, Uma transported it.","Because the plate was fragile, Uma dropped it.",0.7777777777777778,0.875,0.16666666666666666,0.125,0.125,8.0,0.0,0.7777777777777778,0.875,0.16666666666666666,0.125,0.125,8.0,0.0,0.0,0.0,0.0,0.0,0.0,0.0,0.0
event_state_style_0_019,event_state_style_0,event_state,test_entity,dev,test,Victor,Uma,carry,event,Victor carried the lantern because it was fragile.,"Because the lantern was fragile, Victor transported it.","Because the lantern was fragile, Victor dropped it.",0.7777777777777778,0.875,0.16666666666666666,0.125,0.125,8.0,0.0,0.7777777777777778,0.875,0.16666666666666666,0.125,0.125,8.0,0.0,0.0,0.0,0.0,0.0,0.0,0.0,0.0
event_state_style_1_000,event_state_style_1,event_state,dev,dev,dev,Ava,Farid,carry,event,Ava carried the vase because it was fragile.,"Because the vase was fragile, Ava transported it.","Because the vase was fragile, Ava dropped it.",0.7777777777777778,0.875,0.16666666666666666,0.125,0.125,8.0,0.0,0.7777777777777778,0.875,0.16666666666666666,0.125,0.125,8.0,0.0,0.0,0.0,0.0,0.0,0.0,0.0,0.0
event_state_style_1_001,event_state_style_1,event_state,dev,dev,dev,Ben,Grace,carry,event,Ben carried the box because it was fragile.,"Because the box was fragile, Ben transported it.","Because the box was fragile, Ben dropped it.",0.7777777777777778,0.875,0.16666666666666666,0.125,0.125,8.0,0.0,0.7777777777777778,0.875,0.16666666666666666,0.125,0.125,8.0,0.0,0.0,0.0,0.0,0.0,0.0,0.0,0.0
event_state_style_1_002,event_state_style_1,event_state,dev,dev,dev,Clara,Hugo,carry,event,Clara carried the plate because it was fragile.,"Because the plate was fragile, Clara transported it.","Because the plate was fragile, Clara dropped it.",0.7777777777777778,0.875,0.16666666666666666,0.125,0.125,8.0,0.0,0.7777777777777778,0.875,0.16666666666666666,0.125,0.125,8.0,0.0,0.0,0.0,0.0,0.0,0.0,0.0,0.0
event_state_style_1_003,event_state_style_1,event_state,dev,dev,dev,Diego,Inez,carry,event,Diego carried the lantern because it was fragile.,"Because the lantern was fragile, Diego transported it.","Because the lantern was fragile, Diego dropped it.",0.7777777777777778,0.875,0.16666666666666666,0.125,0.125,8.0,0.0,0.7777777777777778,0.875,0.16666666666666666,0.125,0.125,8.0,0.0,0.0,0.0,0.0,0.0,0.0,0.0,0.0
event_state_style_1_004,event_state_style_1,event_state,dev,dev,dev,Elena,Jonah,carry,event,Elena carried the glass because it was fragile.,"Because the glass was fragile, Elena transported it.","Because the glass was fragile, Elena dropped it.",0.7777777777777778,0.875,0.16666666666666666,0.125,0.125,8.0,0.0,0.7777777777777778,0.875,0.16666666666666666,0.125,0.125,8.0,0.0,0.0,0.0,0.0,0.0,0.0,0.0,0.0
event_state_style_1_005,event_state_style_1,event_state,dev,dev,dev,Farid,Keira,carry,event,Farid carried the vase because it was fragile.,"Because the vase was fragile, Farid transported it.","Because the vase was fragile, Farid dropped it.",0.7777777777777778,0.875,0.16666666666666666,0.125,0.125,8.0,0.0,0.7777777777777778,0.875,0.16666666666666666,0.125,0.125,8.0,0.0,0.0,0.0,0.0,0.0,0.0,0.0,0.0
event_state_style_1_006,event_state_style_1,event_state,dev,dev,dev,Grace,Liam,carry,event,Grace carried the box because it was fragile.,"Because the box was fragile, Grace transported it.","Because the box was fragile, Grace dropped it.",0.7777777777777778,0.875,0.16666666666666666,0.125,0.125,8.0,0.0,0.7777777777777778,0.875,0.16666666666666666,0.125,0.125,8.0,0.0,0.0,0.0,0.0,0.0,0.0,0.0,0.0
event_state_style_1_007,event_state_style_1,event_state,dev,dev,dev,Hugo,Maya,carry,event,Hugo carried the plate because it was fragile.,"Because the plate was fragile, Hugo transported it.","Because the plate was fragile, Hugo dropped it.",0.7777777777777778,0.875,0.16666666666666666,0.125,0.125,8.0,0.0,0.7777777777777778,0.875,0.16666666666666666,0.125,0.125,8.0,0.0,0.0,0.0,0.0,0.0,0.0,0.0,0.0
event_state_style_1_008,event_state_style_1,event_state,dev,dev,dev,Inez,Noah,carry,event,Inez carried the lantern because it was fragile.,"Because the lantern was fragile, Inez transported it.","Because the lantern was fragile, Inez dropped it.",0.7777777777777778,0.875,0.16666666666666666,0.125,0.125,8.0,0.0,0.7777777777777778,0.875,0.16666666666666666,0.125,0.125,8.0,0.0,0.0,0.0,0.0,0.0,0.0,0.0,0.0
event_state_style_1_009,event_state_style_1,event_state,dev,dev,dev,Jonah,Ava,carry,event,Jonah carried the glass because it was fragile.,"Because the glass was fragile, Jonah transported it.","Because the glass was fragile, Jonah dropped it.",0.7777777777777778,0.875,0.16666666666666666,0.125,0.125,8.0,0.0,0.7777777777777778,0.875,0.16666666666666666,0.125,0.125,8.0,0.0,0.0,0.0,0.0,0.0,0.0,0.0,0.0
event_state_style_1_010,event_state_style_1,event_state,dev,dev,dev,Keira,Ben,carry,event,Keira carried the vase because it was fragile.,"Because the vase was fragile, Keira transported it.","Because the vase was fragile, Keira dropped it.",0.7777777777777778,0.875,0.16666666666666666,0.125,0.125,8.0,0.0,0.7777777777777778,0.875,0.16666666666666666,0.125,0.125,8.0,0.0,0.0,0.0,0.0,0.0,0.0,0.0,0.0
event_state_style_1_011,event_state_style_1,event_state,dev,dev,dev,Liam,Clara,carry,event,Liam carried the box because it was fragile.,"Because the box was fragile, Liam transported it.","Because the box was fragile, Liam dropped it.",0.7777777777777778,0.875,0.16666666666666666,0.125,0.125,8.0,0.0,0.7777777777777778,0.875,0.16666666666666666,0.125,0.125,8.0,0.0,0.0,0.0,0.0,0.0,0.0,0.0,0.0
event_state_style_1_012,event_state_style_1,event_state,dev,dev,dev,Maya,Diego,carry,event,Maya carried the plate because it was fragile.,"Because the plate was fragile, Maya transported it.","Because the plate was fragile, Maya dropped it.",0.7777777777777778,0.875,0.16666666666666666,0.125,0.125,8.0,0.0,0.7777777777777778,0.875,0.16666666666666666,0.125,0.125,8.0,0.0,0.0,0.0,0.0,0.0,0.0,0.0,0.0
event_state_style_1_013,event_state_style_1,event_state,dev,dev,dev,Noah,Elena,carry,event,Noah carried the lantern because it was fragile.,"Because the lantern was fragile, Noah transported it.","Because the lantern was fragile, Noah dropped it.",0.7777777777777778,0.875,0.16666666666666666,0.125,0.125,8.0,0.0,0.7777777777777778,0.875,0.16666666666666666,0.125,0.125,8.0,0.0,0.0,0.0,0.0,0.0,0.0,0.0,0.0
event_state_style_1_014,event_state_style_1,event_state,test_entity,dev,test,Priya,Victor,carry,event,Priya carried the glass because it was fragile.,"Because the glass was fragile, Priya transported it.","Because the glass was fragile, Priya dropped it.",0.7777777777777778,0.875,0.16666666666666666,0.125,0.125,8.0,0.0,0.7777777777777778,0.875,0.16666666666666666,0.125,0.125,8.0,0.0,0.0,0.0,0.0,0.0,0.0,0.0,0.0
event_state_style_1_015,event_state_style_1,event_state,test_entity,dev,test,Owen,Priya,carry,event,Owen carried the vase because it was fragile.,"Because the vase was fragile, Owen transported it.","Because the vase was fragile, Owen dropped it.",0.7777777777777778,0.875,0.16666666666666666,0.125,0.125,8.0,0.0,0.7777777777777778,0.875,0.16666666666666666,0.125,0.125,8.0,0.0,0.0,0.0,0.0,0.0,0.0,0.0,0.0
event_state_style_1_016,event_state_style_1,event_state,test_entity,dev,test,Rosa,Owen,carry,event,Rosa carried the box because it was fragile.,"Because the box was fragile, Rosa transported it.","Because the box was fragile, Rosa dropped it.",0.7777777777777778,0.875,0.16666666666666666,0.125,0.125,8.0,0.0,0.7777777777777778,0.875,0.16666666666666666,0.125,0.125,8.0,0.0,0.0,0.0,0.0,0.0,0.0,0.0,0.0
event_state_style_1_017,event_state_style_1,event_state,test_entity,dev,test,Theo,Rosa,carry,event,Theo carried the plate because it was fragile.,"Because the plate was fragile, Theo transported it.","Because the plate was fragile, Theo dropped it.",0.7777777777777778,0.875,0.16666666666666666,0.125,0.125,8.0,0.0,0.7777777777777778,0.875,0.16666666666666666,0.125,0.125,8.0,0.0,0.0,0.0,0.0,0.0,0.0,0.0,0.0
event_state_style_1_018,event_state_style_1,event_state,test_entity,dev,test,Uma,Theo,carry,event,Uma carried the lantern because it was fragile.,"Because the lantern was fragile, Uma transported it.","Because the lantern was fragile, Uma dropped it.",0.7777777777777778,0.875,0.16666666666666666,0.125,0.125,8.0,0.0,0.7777777777777778,0.875,0.16666666666666666,0.125,0.125,8.0,0.0,0.0,0.0,0.0,0.0,0.0,0.0,0.0
event_state_style_1_019,event_state_style_1,event_state,test_entity,dev,test,Victor,Uma,carry,event,Victor carried the glass because it was fragile.,"Because the glass was fragile, Victor transported it.","Because the glass was fragile, Victor dropped it.",0.7777777777777778,0.875,0.16666666666666666,0.125,0.125,8.0,0.0,0.7777777777777778,0.875,0.16666666666666666,0.125,0.125,8.0,0.0,0.0,0.0,0.0,0.0,0.0,0.0,0.0
event_state_style_2_000,event_state_style_2,event_state,test_template,test,dev,Ava,Farid,carry,event,Ava carried the box because it was fragile.,"Because the box was fragile, Ava transported it.","Because the box was fragile, Ava dropped it.",0.7777777777777778,0.875,0.16666666666666666,0.125,0.125,8.0,0.0,0.7777777777777778,0.875,0.16666666666666666,0.125,0.125,8.0,0.0,0.0,0.0,0.0,0.0,0.0,0.0,0.0
event_state_style_2_001,event_state_style_2,event_state,test_template,test,dev,Ben,Grace,carry,event,Ben carried the plate because it was fragile.,"Because the plate was fragile, Ben transported it.","Because the plate was fragile, Ben dropped it.",0.7777777777777778,0.875,0.16666666666666666,0.125,0.125,8.0,0.0,0.7777777777777778,0.875,0.16666666666666666,0.125,0.125,8.0,0.0,0.0,0.0,0.0,0.0,0.0,0.0,0.0
event_state_style_2_002,event_state_style_2,event_state,test_template,test,dev,Clara,Hugo,carry,event,Clara carried the lantern because it was fragile.,"Because the lantern was fragile, Clara transported it.","Because the lantern was fragile, Clara dropped it.",0.7777777777777778,0.875,0.16666666666666666,0.125,0.125,8.0,0.0,0.7777777777777778,0.875,0.16666666666666666,0.125,0.125,8.0,0.0,0.0,0.0,0.0,0.0,0.0,0.0,0.0
event_state_style_2_003,event_state_style_2,event_state,test_template,test,dev,Diego,Inez,carry,event,Diego carried the glass because it was fragile.,"Because the glass was fragile, Diego transported it.","Because the glass was fragile, Diego dropped it.",0.7777777777777778,0.875,0.16666666666666666,0.125,0.125,8.0,0.0,0.7777777777777778,0.875,0.16666666666666666,0.125,0.125,8.0,0.0,0.0,0.0,0.0,0.0,0.0,0.0,0.0
event_state_style_2_004,event_state_style_2,event_state,test_template,test,dev,Elena,Jonah,carry,event,Elena carried the vase because it was fragile.,"Because the vase was fragile, Elena transported it.","Because the vase was fragile, Elena dropped it.",0.7777777777777778,0.875,0.16666666666666666,0.125,0.125,8.0,0.0,0.7777777777777778,0.875,0.16666666666666666,0.125,0.125,8.0,0.0,0.0,0.0,0.0,0.0,0.0,0.0,0.0
event_state_style_2_005,event_state_style_2,event_state,test_template,test,dev,Farid,Keira,carry,event,Farid carried the box because it was fragile.,"Because the box was fragile, Farid transported it.","Because the box was fragile, Farid dropped it.",0.7777777777777778,0.875,0.16666666666666666,0.125,0.125,8.0,0.0,0.7777777777777778,0.875,0.16666666666666666,0.125,0.125,8.0,0.0,0.0,0.0,0.0,0.0,0.0,0.0,0.0
event_state_style_2_006,event_state_style_2,event_state,test_template,test,dev,Grace,Liam,carry,event,Grace carried the plate because it was fragile.,"Because the plate was fragile, Grace transported it.","Because the plate was fragile, Grace dropped it.",0.7777777777777778,0.875,0.16666666666666666,0.125,0.125,8.0,0.0,0.7777777777777778,0.875,0.16666666666666666,0.125,0.125,8.0,0.0,0.0,0.0,0.0,0.0,0.0,0.0,0.0
event_state_style_2_007,event_state_style_2,event_state,test_template,test,dev,Hugo,Maya,carry,event,Hugo carried the lantern because it was fragile.,"Because the lantern was fragile, Hugo transported it.","Because the lantern was fragile, Hugo dropped it.",0.7777777777777778,0.875,0.16666666666666666,0.125,0.125,8.0,0.0,0.7777777777777778,0.875,0.16666666666666666,0.125,0.125,8.0,0.0,0.0,0.0,0.0,0.0,0.0,0.0,0.0
event_state_style_2_008,event_state_style_2,event_state,test_template,test,dev,Inez,Noah,carry,event,Inez carried the glass because it was fragile.,"Because the glass was fragile, Inez transported it.","Because the glass was fragile, Inez dropped it.",0.7777777777777778,0.875,0.16666666666666666,0.125,0.125,8.0,0.0,0.7777777777777778,0.875,0.16666666666666666,0.125,0.125,8.0,0.0,0.0,0.0,0.0,0.0,0.0,0.0,0.0
event_state_style_2_009,event_state_style_2,event_state,test_template,test,dev,Jonah,Ava,carry,event,Jonah carried the vase because it was fragile.,"Because the vase was fragile, Jonah transported it.","Because the vase was fragile, Jonah dropped it.",0.7777777777777778,0.875,0.16666666666666666,0.125,0.125,8.0,0.0,0.7777777777777778,0.875,0.16666666666666666,0.125,0.125,8.0,0.0,0.0,0.0,0.0,0.0,0.0,0.0,0.0
event_state_style_2_010,event_state_style_2,event_state,test_template,test,dev,Keira,Ben,carry,event,Keira carried the box because it was fragile.,"Because the box was fragile, Keira transported it.","Because the box was fragile, Keira dropped it.",0.7777777777777778,0.875,0.16666666666666666,0.125,0.125,8.0,0.0,0.7777777777777778,0.875,0.16666666666666666,0.125,0.125,8.0,0.0,0.0,0.0,0.0,0.0,0.0,0.0,0.0
event_state_style_2_011,event_state_style_2,event_state,test_template,test,dev,Liam,Clara,carry,event,Liam carried the plate because it was fragile.,"Because the plate was fragile, Liam transported it.","Because the plate was fragile, Liam dropped it.",0.7777777777777778,0.875,0.16666666666666666,0.125,0.125,8.0,0.0,0.7777777777777778,0.875,0.16666666666666666,0.125,0.125,8.0,0.0,0.0,0.0,0.0,0.0,0.0,0.0,0.0
event_state_style_2_012,event_state_style_2,event_state,test_template,test,dev,Maya,Diego,carry,event,Maya carried the lantern because it was fragile.,"Because the lantern was fragile, Maya transported it.","Because the lantern was fragile, Maya dropped it.",0.7777777777777778,0.875,0.16666666666666666,0.125,0.125,8.0,0.0,0.7777777777777778,0.875,0.16666666666666666,0.125,0.125,8.0,0.0,0.0,0.0,0.0,0.0,0.0,0.0,0.0
event_state_style_2_013,event_state_style_2,event_state,test_template,test,dev,Noah,Elena,carry,event,Noah carried the glass because it was fragile.,"Because the glass was fragile, Noah transported it.","Because the glass was fragile, Noah dropped it.",0.7777777777777778,0.875,0.16666666666666666,0.125,0.125,8.0,0.0,0.7777777777777778,0.875,0.16666666666666666,0.125,0.125,8.0,0.0,0.0,0.0,0.0,0.0,0.0,0.0,0.0
event_state_style_2_014,event_state_style_2,event_state,test_both,test,test,Priya,Victor,carry,event,Priya carried the vase because it was fragile.,"Because the vase was fragile, Priya transported it.","Because the vase was fragile, Priya dropped it.",0.7777777777777778,0.875,0.16666666666666666,0.125,0.125,8.0,0.0,0.7777777777777778,0.875,0.16666666666666666,0.125,0.125,8.0,0.0,0.0,0.0,0.0,0.0,0.0,0.0,0.0
event_state_style_2_015,event_state_style_2,event_state,test_both,test,test,Owen,Priya,carry,event,Owen carried the box because it was fragile.,"Because the box was fragile, Owen transported it.","Because the box was fragile, Owen dropped it.",0.7777777777777778,0.875,0.16666666666666666,0.125,0.125,8.0,0.0,0.7777777777777778,0.875,0.16666666666666666,0.125,0.125,8.0,0.0,0.0,0.0,0.0,0.0,0.0,0.0,0.0
event_state_style_2_016,event_state_style_2,event_state,test_both,test,test,Rosa,Owen,carry,event,Rosa carried the plate because it was fragile.,"Because the plate was fragile, Rosa transported it.","Because the plate was fragile, Rosa dropped it.",0.7777777777777778,0.875,0.16666666666666666,0.125,0.125,8.0,0.0,0.7777777777777778,0.875,0.16666666666666666,0.125,0.125,8.0,0.0,0.0,0.0,0.0,0.0,0.0,0.0,0.0
event_state_style_2_017,event_state_style_2,event_state,test_both,test,test,Theo,Rosa,carry,event,Theo carried the lantern because it was fragile.,"Because the lantern was fragile, Theo transported it.","Because the lantern was fragile, Theo dropped it.",0.7777777777777778,0.875,0.16666666666666666,0.125,0.125,8.0,0.0,0.7777777777777778,0.875,0.16666666666666666,0.125,0.125,8.0,0.0,0.0,0.0,0.0,0.0,0.0,0.0,0.0
event_state_style_2_018,event_state_style_2,event_state,test_both,test,test,Uma,Theo,carry,event,Uma carried the glass because it was fragile.,"Because the glass was fragile, Uma transported it.","Because the glass was fragile, Uma dropped it.",0.7777777777777778,0.875,0.16666666666666666,0.125,0.125,8.0,0.0,0.7777777777777778,0.875,0.16666666666666666,0.125,0.125,8.0,0.0,0.0,0.0,0.0,0.0,0.0,0.0,0.0
event_state_style_2_019,event_state_style_2,event_state,test_both,test,test,Victor,Uma,carry,event,Victor carried the vase because it was fragile.,"Because the vase was fragile, Victor transported it.","Because the vase was fragile, Victor dropped it.",0.7777777777777778,0.875,0.16666666666666666,0.125,0.125,8.0,0.0,0.7777777777777778,0.875,0.16666666666666666,0.125,0.125,8.0,0.0,0.0,0.0,0.0,0.0,0.0,0.0,0.0
