sentence_id,triple_id,variant,text,manipulation,template_id,split,template_split,entity_split,semantic_agent,semantic_recipient,event_lemma,event_state,cause_holder_role,causal_relation,role_assignment,polarity,temporal_relation,agent_identity_eligible,recipient_identity_eligible,role_assignment_eligible,event_state_eligible,cause_holder_role_eligible,causal_relation_eligible,polarity_eligible,temporal_relation_eligible
agent_recipient_style_0_000__base,agent_recipient_style_0_000,base,Ava gave Farid the key because he was locked out.,agent_recipient,agent_recipient_style_0,dev,dev,dev,Ava,Farid,give,,recipient,causal,preserved,,,True,True,True,False,True,False,False,False
agent_recipient_style_0_000__paraphrase,agent_recipient_style_0_000,paraphrase,"Because Farid was locked out, Ava gave him the key.",agent_recipient,agent_recipient_style_0,dev,dev,dev,Ava,Farid,give,,recipient,causal,preserved,,,True,True,True,False,True,False,False,False
agent_recipient_style_0_000__counterfactual,agent_recipient_style_0_000,counterfactual,"Because Ava was locked out, Farid gave her the key.",agent_recipient,agent_recipient_style_0,dev,dev,dev,Farid,Ava,give,,agent,causal,swapped,,,True,True,True,False,True,False,False,False
agent_recipient_style_0_001__base,agent_recipient_style_0_001,base,Ben gave Grace the map because she was locked out.,agent_recipient,agent_recipient_style_0,dev,dev,dev,Ben,Grace,give,,recipient,causal,preserved,,,True,True,True,False,True,False,False,False
agent_recipient_style_0_001__paraphrase,agent_recipient_style_0_001,paraphrase,"Because Grace was locked out, Ben gave her the map.",agent_recipient,agent_recipient_style_0,dev,dev,dev,Ben,Grace,give,,recipient,causal,preserved,,,True,True,True,False,True,False,False,False
agent_recipient_style_0_001__counterfactual,agent_recipient_style_0_001,counterfactual,"Because Ben was locked out, Grace gave him the map.",agent_recipient,agent_recipient_style_0,dev,dev,dev,Grace,Ben,give,,agent,causal,swapped,,,True,True,True,False,True,False,False,False
agent_recipient_style_0_002__base,agent_recipient_style_0_002,base,Clara gave Hugo the torch because he was locked out.,agent_recipient,agent_recipient_style_0,dev,dev,dev,Clara,Hugo,give,,recipient,causal,preserved,,,True,True,True,False,True,False,False,False
agent_recipient_style_0_002__paraphrase,agent_recipient_style_0_002,paraphrase,"Because Hugo was locked out, Clara gave him the torch.",agent_recipient,agent_recipient_style_0,dev,dev,dev,Clara,Hugo,give,,recipient,causal,preserved,,,True,True,True,False,True,False,False,False
agent_recipient_style_0_002__counterfactual,agent_recipient_style_0_002,counterfactual,"Because Clara was locked out, Hugo gave her the torch.",agent_recipient,agent_recipient_style_0,dev,dev,dev,Hugo,Clara,give,,agent,causal,swapped,,,True,True,True,False,True,False,False,False
agent_recipient_style_0_003__base,agent_recipient_style_0_003,base,Diego gave Inez the package because she was locked out.,agent_recipient,agent_recipient_style_0,dev,dev,dev,Diego,Inez,give,,recipient,causal,preserved,,,True,True,True,False,True,False,False,False
agent_recipient_style_0_003__paraphrase,agent_recipient_style_0_003,paraphrase,"Because Inez was locked out, Diego gave her the package.",agent_recipient,agent_recipient_style_0,dev,dev,dev,Diego,Inez,give,,recipient,causal,preserved,,,True,True,True,False,True,False,False,False
agent_recipient_style_0_003__counterfactual,agent_recipient_style_0_003,counterfactual,"Because Diego was locked out, Inez gave him the package.",agent_recipient,agent_recipient_style_0,dev,dev,dev,Inez,Diego,give,,agent,causal,swapped,,,True,True,True,False,True,False,False,False
agent_recipient_style_0_004__base,agent_recipient_style_0_004,base,Elena gave Jonah the note because he was locked out.,agent_recipient,agent_recipient_style_0,dev,dev,dev,Elena,Jonah,give,,recipient,causal,preserved,,,True,True,True,False,True,False,False,False
agent_recipient_style_0_004__paraphrase,agent_recipient_style_0_004,paraphrase,"Because Jonah was locked out, Elena gave him the note.",agent_recipient,agent_recipient_style_0,dev,dev,dev,Elena,Jonah,give,,recipient,causal,preserved,,,True,True,True,False,True,False,False,False
agent_recipient_style_0_004__counterfactual,agent_recipient_style_0_004,counterfactual,"Because Elena was locked out, Jonah gave her the note.",agent_recipient,agent_recipient_style_0,dev,dev,dev,Jonah,Elena,give,,agent,causal,swapped,,,True,True,True,False,True,False,False,False
agent_recipient_style_0_005__base,agent_recipient_style_0_005,base,Farid gave Keira the key because she was locked out.,agent_recipient,agent_recipient_style_0,dev,dev,dev,Farid,Keira,give,,recipient,causal,preserved,,,True,True,True,False,True,False,False,False
agent_recipient_style_0_005__paraphrase,agent_recipient_style_0_005,paraphrase,"Because Keira was locked out, Farid gave her the key.",agent_recipient,agent_recipient_style_0,dev,dev,dev,Farid,Keira,give,,recipient,causal,preserved,,,True,True,True,False,True,False,False,False
agent_recipient_style_0_005__counterfactual,agent_recipient_style_0_005,counterfactual,"Because Farid was locked out, Keira gave him the key.",agent_recipient,agent_recipient_style_0,dev,dev,dev,Keira,Farid,give,,agent,causal,swapped,,,True,True,True,False,True,False,False,False
agent_recipient_style_0_006__base,agent_recipient_style_0_006,base,Grace gave Liam the map because he was locked out.,agent_recipient,agent_recipient_style_0,dev,dev,dev,Grace,Liam,give,,recipient,causal,preserved,,,True,True,True,False,True,False,False,False
agent_recipient_style_0_006__paraphrase,agent_recipient_style_0_006,paraphrase,"Because Liam was locked out, Grace gave him the map.",agent_recipient,agent_recipient_style_0,dev,dev,dev,Grace,Liam,give,,recipient,causal,preserved,,,True,True,True,False,True,False,False,False
agent_recipient_style_0_006__counterfactual,agent_recipient_style_0_006,counterfactual,"Because Grace was locked out, Liam gave her the map.",agent_recipient,agent_recipient_style_0,dev,dev,dev,Liam,Grace,give,,agent,causal,swapped,,,True,True,True,False,True,False,False,False
agent_recipient_style_0_007__base,agent_recipient_style_0_007,base,Hugo gave Maya the torch because she was locked out.,agent_recipient,agent_recipient_style_0,dev,dev,dev,Hugo,Maya,give,,recipient,causal,preserved,,,True,True,True,False,True,False,False,False
agent_recipient_style_0_007__paraphrase,agent_recipient_style_0_007,paraphrase,"Because Maya was locked out, Hugo gave her the torch.",agent_recipient,agent_recipient_style_0,dev,dev,dev,Hugo,Maya,give,,recipient,causal,preserved,,,True,True,True,False,True,False,False,False
agent_recipient_style_0_007__counterfactual,agent_recipient_style_0_007,counterfactual,"Because Hugo was locked out, Maya gave him the torch.",agent_recipient,agent_recipient_style_0,dev,dev,dev,Maya,Hugo,give,,agent,causal,swapped,,,True,True,True,False,True,False,False,False
agent_recipient_style_0_008__base,agent_recipient_style_0_008,base,Inez gave Noah the package because he was locked out.,agent_recipient,agent_recipient_style_0,dev,dev,dev,Inez,Noah,give,,recipient,causal,preserved,,,True,True,True,False,True,False,False,False
agent_recipient_style_0_008__paraphrase,agent_recipient_style_0_008,paraphrase,"Because Noah was locked out, Inez gave him the package.",agent_recipient,agent_recipient_style_0,dev,dev,dev,Inez,Noah,give,,recipient,causal,preserved,,,True,True,True,False,True,False,False,False
agent_recipient_style_0_008__counterfactual,agent_recipient_style_0_008,counterfactual,"Because Inez was locked out, Noah gave her the package.",agent_recipient,agent_recipient_style_0,dev,dev,dev,Noah,Inez,give,,agent,causal,swapped,,,True,True,True,False,True,False,False,False
agent_recipient_style_0_009__base,agent_recipient_style_0_009,base,Jonah gave Ava the note because she was locked out.,agent_recipient,agent_recipient_style_0,dev,dev,dev,Jonah,Ava,give,,recipient,causal,preserved,,,True,True,True,False,True,False,False,False
agent_recipient_style_0_009__paraphrase,agent_recipient_style_0_009,paraphrase,"Because Ava was locked out, Jonah gave her the note.",agent_recipient,agent_recipient_style_0,dev,dev,dev,Jonah,Ava,give,,recipient,causal,preserved,,,True,True,True,False,True,False,False,False
agent_recipient_style_0_009__counterfactual,agent_recipient_style_0_009,counterfactual,"Because Jonah was locked out, Ava gave him the note.",agent_recipient,agent_recipient_style_0,dev,dev,dev,Ava,Jonah,give,,agent,causal,swapped,,,True,True,True,False,True,False,False,False
agent_recipient_style_0_010__base,agent_recipient_style_0_010,base,Keira gave Ben the key because he was locked out.,agent_recipient,agent_recipient_style_0,dev,dev,dev,Keira,Ben,give,,recipient,causal,preserved,,,True,True,True,False,True,False,False,False
agent_recipient_style_0_010__paraphrase,agent_recipient_style_0_010,paraphrase,"Because Ben was locked out, Keira gave him the key.",agent_recipient,agent_recipient_style_0,dev,dev,dev,Keira,Ben,give,,recipient,causal,preserved,,,True,True,True,False,True,False,False,False
agent_recipient_style_0_010__counterfactual,agent_recipient_style_0_010,counterfactual,"Because Keira was locked out, Ben gave her the key.",agent_recipient,agent_recipient_style_0,dev,dev,dev,Ben,Keira,give,,agent,causal,swapped,,,True,True,True,False,True,False,False,False
agent_recipient_style_0_011__base,agent_recipient_style_0_011,base,Liam gave Clara the map because she was locked out.,agent_recipient,agent_recipient_style_0,dev,dev,dev,Liam,Clara,give,,recipient,causal,preserved,,,True,True,True,False,True,False,False,False
agent_recipient_style_0_011__paraphrase,agent_recipient_style_0_011,paraphrase,"Because Clara was locked out, Liam gave her the map.",agent_recipient,agent_recipient_style_0,dev,dev,dev,Liam,Clara,give,,recipient,causal,preserved,,,True,True,True,False,True,False,False,False
agent_recipient_style_0_011__counterfactual,agent_recipient_style_0_011,counterfactual,"Because Liam was locked out, Clara gave him the map.",agent_recipient,agent_recipient_style_0,dev,dev,dev,Clara,Liam,give,,agent,causal,swapped,,,True,True,True,False,True,False,False,False
agent_recipient_style_0_012__base,agent_recipient_style_0_012,base,Maya gave Diego the torch because he was locked out.,agent_recipient,agent_recipient_style_0,dev,dev,dev,Maya,Diego,give,,recipient,causal,preserved,,,True,True,True,False,True,False,False,False
agent_recipient_style_0_012__paraphrase,agent_recipient_style_0_012,paraphrase,"Because Diego was locked out, Maya gave him the torch.",agent_recipient,agent_recipient_style_0,dev,dev,dev,Maya,Diego,give,,recipient,causal,preserved,,,True,True,True,False,True,False,False,False
agent_recipient_style_0_012__counterfactual,agent_recipient_style_0_012,counterfactual,"Because Maya was locked out, Diego gave her the torch.",agent_recipient,agent_recipient_style_0,dev,dev,dev,Diego,Maya,give,,agent,causal,swapped,,,True,True,True,False,True,False,False,False
agent_recipient_style_0_013__base,agent_recipient_style_0_013,base,Noah gave Elena the package because she was locked out.,agent_recipient,agent_recipient_style_0,dev,dev,dev,Noah,Elena,give,,recipient,causal,preserved,,,True,True,True,False,True,False,False,False
agent_recipient_style_0_013__paraphrase,agent_recipient_style_0_013,paraphrase,"Because Elena was locked out, Noah gave her the package.",agent_recipient,agent_recipient_style_0,dev,dev,dev,Noah,Elena,give,,recipient,causal,preserved,,,True,True,True,False,True,False,False,False
agent_recipient_style_0_013__counterfactual,agent_recipient_style_0_013,counterfactual,"Because Noah was locked out, Elena gave him the package.",agent_recipient,agent_recipient_style_0,dev,dev,dev,Elena,Noah,give,,agent,causal,swapped,,,True,True,True,False,True,False,False,False
agent_recipient_style_0_014__base,agent_recipient_style_0_014,base,Priya gave Victor the note because he was locked out.,agent_recipient,agent_recipient_style_0,test_entity,dev,test,Priya,Victor,give,,recipient,causal,preserved,,,False,False,True,False,True,False,False,False
agent_recipient_style_0_014__paraphrase,agent_recipient_style_0_014,paraphrase,"Because Victor was locked out, Priya gave him the note.",agent_recipient,agent_recipient_style_0,test_entity,dev,test,Priya,Victor,give,,recipient,causal,preserved,,,False,False,True,False,True,False,False,False
agent_recipient_style_0_014__counterfactual,agent_recipient_style_0_014,counterfactual,"Because Priya was locked out, Victor gave her the note.",agent_recipient,agent_recipient_style_0,test_entity,dev,test,Victor,Priya,give,,agent,causal,swapped,,,False,False,True,False,True,False,False,False
agent_recipient_style_0_015__base,agent_recipient_style_0_015,base,Owen gave Priya the key because she was locked out.,agent_recipient,agent_recipient_style_0,test_entity,dev,test,Owen,Priya,give,,recipient,causal,preserved,,,False,False,True,False,True,False,False,False
agent_recipient_style_0_015__paraphrase,agent_recipient_style_0_015,paraphrase,"Because Priya was locked out, Owen gave her the key.",agent_recipient,agent_recipient_style_0,test_entity,dev,test,Owen,Priya,give,,recipient,causal,preserved,,,False,False,True,False,True,False,False,False
agent_recipient_style_0_015__counterfactual,agent_recipient_style_0_015,counterfactual,"Because Owen was locked out, Priya gave him the key.",agent_recipient,agent_recipient_style_0,test_entity,dev,test,Priya,Owen,give,,agent,causal,swapped,,,False,False,True,False,True,False,False,False
agent_recipient_style_0_016__base,agent_recipient_style_0_016,base,Rosa gave Owen the map because he was locked out.,agent_recipient,agent_recipient_style_0,test_entity,dev,test,Rosa,Owen,give,,recipient,causal,preserved,,,False,False,True,False,True,False,False,False
agent_recipient_style_0_016__paraphrase,agent_recipient_style_0_016,paraphrase,"Because Owen was locked out, Rosa gave him the map.",agent_recipient,agent_recipient_style_0,test_entity,dev,test,Rosa,Owen,give,,recipient,causal,preserved,,,False,False,True,False,True,False,False,False
agent_recipient_style_0_016__counterfactual,agent_recipient_style_0_016,counterfactual,"Because Rosa was locked out, Owen gave her the map.",agent_recipient,agent_recipient_style_0,test_entity,dev,test,Owen,Rosa,give,,agent,causal,swapped,,,False,False,True,False,True,False,False,False
agent_recipient_style_0_017__base,agent_recipient_style_0_017,base,Theo gave Rosa the torch because she was locked out.,agent_recipient,agent_recipient_style_0,test_entity,dev,test,Theo,Rosa,give,,recipient,causal,preserved,,,False,False,True,False,True,False,False,False
agent_recipient_style_0_017__paraphrase,agent_recipient_style_0_017,paraphrase,"Because Rosa was locked out, Theo gave her the torch.",agent_recipient,agent_recipient_style_0,test_entity,dev,test,Theo,Rosa,give,,recipient,causal,preserved,,,False,False,True,False,True,False,False,False
agent_recipient_style_0_017__counterfactual,agent_recipient_style_0_017,counterfactual,"Because Theo was locked out, Rosa gave him the torch.",agent_recipient,agent_recipient_style_0,test_entity,dev,test,Rosa,Theo,give,,agent,causal,swapped,,,False,False,True,False,True,False,False,False
agent_recipient_style_0_018__base,agent_recipient_style_0_018,base,Uma gave Theo the package because he was locked out.,agent_recipient,agent_recipient_style_0,test_entity,dev,test,Uma,Theo,give,,recipient,causal,preserved,,,False,False,True,False,True,False,False,False
agent_recipient_style_0_018__paraphrase,agent_recipient_style_0_018,paraphrase,"Because Theo was locked out, Uma gave him the package.",agent_recipient,agent_recipient_style_0,test_entity,dev,test,Uma,Theo,give,,recipient,causal,preserved,,,False,False,True,False,True,False,False,False
agent_recipient_style_0_018__counterfactual,agent_recipient_style_0_018,counterfactual,"Because Uma was locked out, Theo gave her the package.",agent_recipient,agent_recipient_style_0,test_entity,dev,test,Theo,Uma,give,,agent,causal,swapped,,,False,False,True,False,True,False,False,False
agent_recipient_style_0_019__base,agent_recipient_style_0_019,base,Victor gave Uma the note because she was locked out.,agent_recipient,agent_recipient_style_0,test_entity,dev,test,Victor,Uma,give,,recipient,causal,preserved,,,False,False,True,False,True,False,False,False
agent_recipient_style_0_019__paraphrase,agent_recipient_style_0_019,paraphrase,"Because Uma was locked out, Victor gave her the note.",agent_recipient,agent_recipient_style_0,test_entity,dev,test,Victor,Uma,give,,recipient,causal,preserved,,,False,False,True,False,True,False,False,False
agent_recipient_style_0_019__counterfactual,agent_recipient_style_0_019,counterfactual,"Because Victor was locked out, Uma gave him the note.",agent_recipient,agent_recipient_style_0,test_entity,dev,test,Uma,Victor,give,,agent,causal,swapped,,,False,False,True,False,True,False,False,False
agent_recipient_style_1_000__base,agent_recipient_style_1_000,base,Ava gave Farid the key since he was locked out.,agent_recipient,agent_recipient_style_1,dev,dev,dev,Ava,Farid,give,,recipient,causal,preserved,,,True,True,True,False,True,False,False,False
agent_recipient_style_1_000__paraphrase,agent_recipient_style_1_000,paraphrase,"Since Farid was locked out, Ava gave him the key.",agent_recipient,agent_recipient_style_1,dev,dev,dev,Ava,Farid,give,,recipient,causal,preserved,,,True,True,True,False,True,False,False,False
agent_recipient_style_1_000__counterfactual,agent_recipient_style_1_000,counterfactual,"Since Ava was locked out, Farid gave her the key.",agent_recipient,agent_recipient_style_1,dev,dev,dev,Farid,Ava,give,,agent,causal,swapped,,,True,True,True,False,True,False,False,False
agent_recipient_style_1_001__base,agent_recipient_style_1_001,base,Ben gave Grace the map since she was locked out.,agent_recipient,agent_recipient_style_1,dev,dev,dev,Ben,Grace,give,,recipient,causal,preserved,,,True,True,True,False,True,False,False,False
agent_recipient_style_1_001__paraphrase,agent_recipient_style_1_001,paraphrase,"Since Grace was locked out, Ben gave her the map.",agent_recipient,agent_recipient_style_1,dev,dev,dev,Ben,Grace,give,,recipient,causal,preserved,,,True,True,True,False,True,False,False,False
agent_recipient_style_1_001__counterfactual,agent_recipient_style_1_001,counterfactual,"Since Ben was locked out, Grace gave him the map.",agent_recipient,agent_recipient_style_1,dev,dev,dev,Grace,Ben,give,,agent,causal,swapped,,,True,True,True,False,True,False,False,False
agent_recipient_style_1_002__base,agent_recipient_style_1_002,base,Clara gave Hugo the torch since he was locked out.,agent_recipient,agent_recipient_style_1,dev,dev,dev,Clara,Hugo,give,,recipient,causal,preserved,,,True,True,True,False,True,False,False,False
agent_recipient_style_1_002__paraphrase,agent_recipient_style_1_002,paraphrase,"Since Hugo was locked out, Clara gave him the torch.",agent_recipient,agent_recipient_style_1,dev,dev,dev,Clara,Hugo,give,,recipient,causal,preserved,,,True,True,True,False,True,False,False,False
agent_recipient_style_1_002__counterfactual,agent_recipient_style_1_002,counterfactual,"Since Clara was locked out, Hugo gave her the torch.",agent_recipient,agent_recipient_style_1,dev,dev,dev,Hugo,Clara,give,,agent,causal,swapped,,,True,True,True,False,True,False,False,False
agent_recipient_style_1_003__base,agent_recipient_style_1_003,base,Diego gave Inez the package since she was locked out.,agent_recipient,agent_recipient_style_1,dev,dev,dev,Diego,Inez,give,,recipient,causal,preserved,,,True,True,True,False,True,False,False,False
agent_recipient_style_1_003__paraphrase,agent_recipient_style_1_003,paraphrase,"Since Inez was locked out, Diego gave her the package.",agent_recipient,agent_recipient_style_1,dev,dev,dev,Diego,Inez,give,,recipient,causal,preserved,,,True,True,True,False,True,False,False,False
agent_recipient_style_1_003__counterfactual,agent_recipient_style_1_003,counterfactual,"Since Diego was locked out, Inez gave him the package.",agent_recipient,agent_recipient_style_1,dev,dev,dev,Inez,Diego,give,,agent,causal,swapped,,,True,True,True,False,True,False,False,False
agent_recipient_style_1_004__base,agent_recipient_style_1_004,base,Elena gave Jonah the note since he was locked out.,agent_recipient,agent_recipient_style_1,dev,dev,dev,Elena,Jonah,give,,recipient,causal,preserved,,,True,True,True,False,True,False,False,False
agent_recipient_style_1_004__paraphrase,agent_recipient_style_1_004,paraphrase,"Since Jonah was locked out, Elena gave him the note.",agent_recipient,agent_recipient_style_1,dev,dev,dev,Elena,Jonah,give,,recipient,causal,preserved,,,True,True,True,False,True,False,False,False
agent_recipient_style_1_004__counterfactual,agent_recipient_style_1_004,counterfactual,"Since Elena was locked out, Jonah gave her the note.",agent_recipient,agent_recipient_style_1,dev,dev,dev,Jonah,Elena,give,,agent,causal,swapped,,,True,True,True,False,True,False,False,False
agent_recipient_style_1_005__base,agent_recipient_style_1_005,base,Farid gave Keira the key since she was locked out.,agent_recipient,agent_recipient_style_1,dev,dev,dev,Farid,Keira,give,,recipient,causal,preserved,,,True,True,True,False,True,False,False,False
agent_recipient_style_1_005__paraphrase,agent_recipient_style_1_005,paraphrase,"Since Keira was locked out, Farid gave her the key.",agent_recipient,agent_recipient_style_1,dev,dev,dev,Farid,Keira,give,,recipient,causal,preserved,,,True,True,True,False,True,False,False,False
agent_recipient_style_1_005__counterfactual,agent_recipient_style_1_005,counterfactual,"Since Farid was locked out, Keira gave him the key.",agent_recipient,agent_recipient_style_1,dev,dev,dev,Keira,Farid,give,,agent,causal,swapped,,,True,True,True,False,True,False,False,False
agent_recipient_style_1_006__base,agent_recipient_style_1_006,base,Grace gave Liam the map since he was locked out.,agent_recipient,agent_recipient_style_1,dev,dev,dev,Grace,Liam,give,,recipient,causal,preserved,,,True,True,True,False,True,False,False,False
agent_recipient_style_1_006__paraphrase,agent_recipient_style_1_006,paraphrase,"Since Liam was locked out, Grace gave him the map.",agent_recipient,agent_recipient_style_1,dev,dev,dev,Grace,Liam,give,,recipient,causal,preserved,,,True,True,True,False,True,False,False,False
agent_recipient_style_1_006__counterfactual,agent_recipient_style_1_006,counterfactual,"Since Grace was locked out, Liam gave her the map.",agent_recipient,agent_recipient_style_1,dev,dev,dev,Liam,Grace,give,,agent,causal,swapped,,,True,True,True,False,True,False,False,False
agent_recipient_style_1_007__base,agent_recipient_style_1_007,base,Hugo gave Maya the torch since she was locked out.,agent_recipient,agent_recipient_style_1,dev,dev,dev,Hugo,Maya,give,,recipient,causal,preserved,,,True,True,True,False,True,False,False,False
agent_recipient_style_1_007__paraphrase,agent_recipient_style_1_007,paraphrase,"Since Maya was locked out, Hugo gave her the torch.",agent_recipient,agent_recipient_style_1,dev,dev,dev,Hugo,Maya,give,,recipient,causal,preserved,,,True,True,True,False,True,False,False,False
agent_recipient_style_1_007__counterfactual,agent_recipient_style_1_007,counterfactual,"Since Hugo was locked out, Maya gave him the torch.",agent_recipient,agent_recipient_style_1,dev,dev,dev,Maya,Hugo,give,,agent,causal,swapped,,,True,True,True,False,True,False,False,False
agent_recipient_style_1_008__base,agent_recipient_style_1_008,base,Inez gave Noah the package since he was locked out.,agent_recipient,agent_recipient_style_1,dev,dev,dev,Inez,Noah,give,,recipient,causal,preserved,,,True,True,True,False,True,False,False,False
agent_recipient_style_1_008__paraphrase,agent_recipient_style_1_008,paraphrase,"Since Noah was locked out, Inez gave him the package.",agent_recipient,agent_recipient_style_1,dev,dev,dev,Inez,Noah,give,,recipient,causal,preserved,,,True,True,True,False,True,False,False,False
agent_recipient_style_1_008__counterfactual,agent_recipient_style_1_008,counterfactual,"Since Inez was locked out, Noah gave her the package.",agent_recipient,agent_recipient_style_1,dev,dev,dev,Noah,Inez,give,,agent,causal,swapped,,,True,True,True,False,True,False,False,False
agent_recipient_style_1_009__base,agent_recipient_style_1_009,base,Jonah gave Ava the note since she was locked out.,agent_recipient,agent_recipient_style_1,dev,dev,dev,Jonah,Ava,give,,recipient,causal,preserved,,,True,True,True,False,True,False,False,False
agent_recipient_style_1_009__paraphrase,agent_recipient_style_1_009,paraphrase,"Since Ava was locked out, Jonah gave her the note.",agent_recipient,agent_recipient_style_1,dev,dev,dev,Jonah,Ava,give,,recipient,causal,preserved,,,True,True,True,False,True,False,False,False
agent_recipient_style_1_009__counterfactual,agent_recipient_style_1_009,counterfactual,"Since Jonah was locked out, Ava gave him the note.",agent_recipient,agent_recipient_style_1,dev,dev,dev,Ava,Jonah,give,,agent,causal,swapped,,,True,True,True,False,True,False,False,False
agent_recipient_style_1_010__base,agent_recipient_style_1_010,base,Keira gave Ben the key since he was locked out.,agent_recipient,agent_recipient_style_1,dev,dev,dev,Keira,Ben,give,,recipient,causal,preserved,,,True,True,True,False,True,False,False,False
agent_recipient_style_1_010__paraphrase,agent_recipient_style_1_010,paraphrase,"Since Ben was locked out, Keira gave him the key.",agent_recipient,agent_recipient_style_1,dev,dev,dev,Keira,Ben,give,,recipient,causal,preserved,,,True,True,True,False,True,False,False,False
agent_recipient_style_1_010__counterfactual,agent_recipient_style_1_010,counterfactual,"Since Keira was locked out, Ben gave her the key.",agent_recipient,agent_recipient_style_1,dev,dev,dev,Ben,Keira,give,,agent,causal,swapped,,,True,True,True,False,True,False,False,False
agent_recipient_style_1_011__base,agent_recipient_style_1_011,base,Liam gave Clara the map since she was locked out.,agent_recipient,agent_recipient_style_1,dev,dev,dev,Liam,Clara,give,,recipient,causal,preserved,,,True,True,True,False,True,False,False,False
agent_recipient_style_1_011__paraphrase,agent_recipient_style_1_011,paraphrase,"Since Clara was locked out, Liam gave her the map.",agent_recipient,agent_recipient_style_1,dev,dev,dev,Liam,Clara,give,,recipient,causal,preserved,,,True,True,True,False,True,False,False,False
agent_recipient_style_1_011__counterfactual,agent_recipient_style_1_011,counterfactual,"Since Liam was locked out, Clara gave him the map.",agent_recipient,agent_recipient_style_1,dev,dev,dev,Clara,Liam,give,,agent,causal,swapped,,,True,True,True,False,True,False,False,False
agent_recipient_style_1_012__base,agent_recipient_style_1_012,base,Maya gave Diego the torch since he was locked out.,agent_recipient,agent_recipient_style_1,dev,dev,dev,Maya,Diego,give,,recipient,causal,preserved,,,True,True,True,False,True,False,False,False
agent_recipient_style_1_012__paraphrase,agent_recipient_style_1_012,paraphrase,"Since Diego was locked out, Maya gave him the torch.",agent_recipient,agent_recipient_style_1,dev,dev,dev,Maya,Diego,give,,recipient,causal,preserved,,,True,True,True,False,True,False,False,False
agent_recipient_style_1_012__counterfactual,agent_recipient_style_1_012,counterfactual,"Since Maya was locked out, Diego gave her the torch.",agent_recipient,agent_recipient_style_1,dev,dev,dev,Diego,Maya,give,,agent,causal,swapped,,,True,True,True,False,True,False,False,False
agent_recipient_style_1_013__base,agent_recipient_style_1_013,base,Noah gave Elena the package since she was locked out.,agent_recipient,agent_recipient_style_1,dev,dev,dev,Noah,Elena,give,,recipient,causal,preserved,,,True,True,True,False,True,False,False,False
agent_recipient_style_1_013__paraphrase,agent_recipient_style_1_013,paraphrase,"Since Elena was locked out, Noah gave her the package.",agent_recipient,agent_recipient_style_1,dev,dev,dev,Noah,Elena,give,,recipient,causal,preserved,,,True,True,True,False,True,False,False,False
agent_recipient_style_1_013__counterfactual,agent_recipient_style_1_013,counterfactual,"Since Noah was locked out, Elena gave him the package.",agent_recipient,agent_recipient_style_1,dev,dev,dev,Elena,Noah,give,,agent,causal,swapped,,,True,True,True,False,True,False,False,False
agent_recipient_style_1_014__base,agent_recipient_style_1_014,base,Priya gave Victor the note since he was locked out.,agent_recipient,agent_recipient_style_1,test_entity,dev,test,Priya,Victor,give,,recipient,causal,preserved,,,False,False,True,False,True,False,False,False
agent_recipient_style_1_014__paraphrase,agent_recipient_style_1_014,paraphrase,"Since Victor was locked out, Priya gave him the note.",agent_recipient,agent_recipient_style_1,test_entity,dev,test,Priya,Victor,give,,recipient,causal,preserved,,,False,False,True,False,True,False,False,False
agent_recipient_style_1_014__counterfactual,agent_recipient_style_1_014,counterfactual,"Since Priya was locked out, Victor gave her the note.",agent_recipient,agent_recipient_style_1,test_entity,dev,test,Victor,Priya,give,,agent,causal,swapped,,,False,False,True,False,True,False,False,False
agent_recipient_style_1_015__base,agent_recipient_style_1_015,base,Owen gave Priya the key since she was locked out.,agent_recipient,agent_recipient_style_1,test_entity,dev,test,Owen,Priya,give,,recipient,causal,preserved,,,False,False,True,False,True,False,False,False
agent_recipient_style_1_015__paraphrase,agent_recipient_style_1_015,paraphrase,"Since Priya was locked out, Owen gave her the key.",agent_recipient,agent_recipient_style_1,test_entity,dev,test,Owen,Priya,give,,recipient,causal,preserved,,,False,False,True,False,True,False,False,False
agent_recipient_style_1_015__counterfactual,agent_recipient_style_1_015,counterfactual,"Since Owen was locked out, Priya gave him the key.",agent_recipient,agent_recipient_style_1,test_entity,dev,test,Priya,Owen,give,,agent,causal,swapped,,,False,False,True,False,True,False,False,False
agent_recipient_style_1_016__base,agent_recipient_style_1_016,base,Rosa gave Owen the map since he was locked out.,agent_recipient,agent_recipient_style_1,test_entity,dev,test,Rosa,Owen,give,,recipient,causal,preserved,,,False,False,True,False,True,False,False,False
agent_recipient_style_1_016__paraphrase,agent_recipient_style_1_016,paraphrase,"Since Owen was locked out, Rosa gave him the map.",agent_recipient,agent_recipient_style_1,test_entity,dev,test,Rosa,Owen,give,,recipient,causal,preserved,,,False,False,True,False,True,False,False,False
agent_recipient_style_1_016__counterfactual,agent_recipient_style_1_016,counterfactual,"Since Rosa was locked out, Owen gave her the map.",agent_recipient,agent_recipient_style_1,test_entity,dev,test,Owen,Rosa,give,,agent,causal,swapped,,,False,False,True,False,True,False,False,False
agent_recipient_style_1_017__base,agent_recipient_style_1_017,base,Theo gave Rosa the torch since she was locked out.,agent_recipient,agent_recipient_style_1,test_entity,dev,test,Theo,Rosa,give,,recipient,causal,preserved,,,False,False,True,False,True,False,False,False
agent_recipient_style_1_017__paraphrase,agent_recipient_style_1_017,paraphrase,"Since Rosa was locked out, Theo gave her the torch.",agent_recipient,agent_recipient_style_1,test_entity,dev,test,Theo,Rosa,give,,recipient,causal,preserved,,,False,False,True,False,True,False,False,False
agent_recipient_style_1_017__counterfactual,agent_recipient_style_1_017,counterfactual,"Since Theo was locked out, Rosa gave him the torch.",agent_recipient,agent_recipient_style_1,test_entity,dev,test,Rosa,Theo,give,,agent,causal,swapped,,,False,False,True,False,True,False,False,False
agent_recipient_style_1_018__base,agent_recipient_style_1_018,base,Uma gave Theo the package since he was locked out.,agent_recipient,agent_recipient_style_1,test_entity,dev,test,Uma,Theo,give,,recipient,causal,preserved,,,False,False,True,False,True,False,False,False
agent_recipient_style_1_018__paraphrase,agent_recipient_style_1_018,paraphrase,"Since Theo was locked out, Uma gave him the package.",agent_recipient,agent_recipient_style_1,test_entity,dev,test,Uma,Theo,give,,recipient,causal,preserved,,,False,False,True,False,True,False,False,False
agent_recipient_style_1_018__counterfactual,agent_recipient_style_1_018,counterfactual,"Since Uma was locked out, Theo gave her the package.",agent_recipient,agent_recipient_style_1,test_entity,dev,test,Theo,Uma,give,,agent,causal,swapped,,,False,False,True,False,True,False,False,False
agent_recipient_style_1_019__base,agent_recipient_style_1_019,base,Victor gave Uma the note since she was locked out.,agent_recipient,agent_recipient_style_1,test_entity,dev,test,Victor,Uma,give,,recipient,causal,preserved,,,False,False,True,False,True,False,False,False
agent_recipient_style_1_019__paraphrase,agent_recipient_style_1_019,paraphrase,"Since Uma was locked out, Victor gave her the note.",agent_recipient,agent_recipient_style_1,test_entity,dev,test,Victor,Uma,give,,recipient,causal,preserved,,,False,False,True,False,True,False,False,False
agent_recipient_style_1_019__counterfactual,agent_recipient_style_1_019,counterfactual,"Since Victor was locked out, Uma gave him the note.",agent_recipient,agent_recipient_style_1,test_entity,dev,test,Uma,Victor,give,,agent,causal,swapped,,,False,False,True,False,True,False,False,False
agent_recipient_style_2_000__base,agent_recipient_style_2_000,base,Ava gave Farid the key when he was locked out.,agent_recipient,agent_recipient_style_2,test_template,test,dev,Ava,Farid,give,,recipient,causal,preserved,,,True,True,True,False,True,False,False,False
agent_recipient_style_2_000__paraphrase,agent_recipient_style_2_000,paraphrase,"When Farid was locked out, Ava gave him the key.",agent_recipient,agent_recipient_style_2,test_template,test,dev,Ava,Farid,give,,recipient,causal,preserved,,,True,True,True,False,True,False,False,False
agent_recipient_style_2_000__counterfactual,agent_recipient_style_2_000,counterfactual,"When Ava was locked out, Farid gave her the key.",agent_recipient,agent_recipient_style_2,test_template,test,dev,Farid,Ava,give,,agent,causal,swapped,,,True,True,True,False,True,False,False,False
agent_recipient_style_2_001__base,agent_recipient_style_2_001,base,Ben gave Grace the map when she was locked out.,agent_recipient,agent_recipient_style_2,test_template,test,dev,Ben,Grace,give,,recipient,causal,preserved,,,True,True,True,False,True,False,False,False
agent_recipient_style_2_001__paraphrase,agent_recipient_style_2_001,paraphrase,"When Grace was locked out, Ben gave her the map.",agent_recipient,agent_recipient_style_2,test_template,test,dev,Ben,Grace,give,,recipient,causal,preserved,,,True,True,True,False,True,False,False,False
agent_recipient_style_2_001__counterfactual,agent_recipient_style_2_001,counterfactual,"When Ben was locked out, Grace gave him the map.",agent_recipient,agent_recipient_style_2,test_template,test,dev,Grace,Ben,give,,agent,causal,swapped,,,True,True,True,False,True,False,False,False
agent_recipient_style_2_002__base,agent_recipient_style_2_002,base,Clara gave Hugo the torch when he was locked out.,agent_recipient,agent_recipient_style_2,test_template,test,dev,Clara,Hugo,give,,recipient,causal,preserved,,,True,True,True,False,True,False,False,False
agent_recipient_style_2_002__paraphrase,agent_recipient_style_2_002,paraphrase,"When Hugo was locked out, Clara gave him the torch.",agent_recipient,agent_recipient_style_2,test_template,test,dev,Clara,Hugo,give,,recipient,causal,preserved,,,True,True,True,False,True,False,False,False
agent_recipient_style_2_002__counterfactual,agent_recipient_style_2_002,counterfactual,"When Clara was locked out, Hugo gave her the torch.",agent_recipient,agent_recipient_style_2,test_template,test,dev,Hugo,Clara,give,,agent,causal,swapped,,,True,True,True,False,True,False,False,False
agent_recipient_style_2_003__base,agent_recipient_style_2_003,base,Diego gave Inez the package when she was locked out.,agent_recipient,agent_recipient_style_2,test_template,test,dev,Diego,Inez,give,,recipient,causal,preserved,,,True,True,True,False,True,False,False,False
agent_recipient_style_2_003__paraphrase,agent_recipient_style_2_003,paraphrase,"When Inez was locked out, Diego gave her the package.",agent_recipient,agent_recipient_style_2,test_template,test,dev,Diego,Inez,give,,recipient,causal,preserved,,,True,True,True,False,True,False,False,False
agent_recipient_style_2_003__counterfactual,agent_recipient_style_2_003,counterfactual,"When Diego was locked out, Inez gave him the package.",agent_recipient,agent_recipient_style_2,test_template,test,dev,Inez,Diego,give,,agent,causal,swapped,,,True,True,True,False,True,False,False,False
agent_recipient_style_2_004__base,agent_recipient_style_2_004,base,Elena gave Jonah the note when he was locked out.,agent_recipient,agent_recipient_style_2,test_template,test,dev,Elena,Jonah,give,,recipient,causal,preserved,,,True,True,True,False,True,False,False,False
agent_recipient_style_2_004__paraphrase,agent_recipient_style_2_004,paraphrase,"When Jonah was locked out, Elena gave him the note.",agent_recipient,agent_recipient_style_2,test_template,test,dev,Elena,Jonah,give,,recipient,causal,preserved,,,True,True,True,False,True,False,False,False
agent_recipient_style_2_004__counterfactual,agent_recipient_style_2_004,counterfactual,"When Elena was locked out, Jonah gave her the note.",agent_recipient,agent_recipient_style_2,test_template,test,dev,Jonah,Elena,give,,agent,causal,swapped,,,True,True,True,False,True,False,False,False
agent_recipient_style_2_005__base,agent_recipient_style_2_005,base,Farid gave Keira the key when she was locked out.,agent_recipient,agent_recipient_style_2,test_template,test,dev,Farid,Keira,give,,recipient,causal,preserved,,,True,True,True,False,True,False,False,False
agent_recipient_style_2_005__paraphrase,agent_recipient_style_2_005,paraphrase,"When Keira was locked out, Farid gave her the key.",agent_recipient,agent_recipient_style_2,test_template,test,dev,Farid,Keira,give,,recipient,causal,preserved,,,True,True,True,False,True,False,False,False
agent_recipient_style_2_005__counterfactual,agent_recipient_style_2_005,counterfactual,"When Farid was locked out, Keira gave him the key.",agent_recipient,agent_recipient_style_2,test_template,test,dev,Keira,Farid,give,,agent,causal,swapped,,,True,True,True,False,True,False,False,False
agent_recipient_style_2_006__base,agent_recipient_style_2_006,base,Grace gave Liam the map when he was locked out.,agent_recipient,agent_recipient_style_2,test_template,test,dev,Grace,Liam,give,,recipient,causal,preserved,,,True,True,True,False,True,False,False,False
agent_recipient_style_2_006__paraphrase,agent_recipient_style_2_006,paraphrase,"When Liam was locked out, Grace gave him the map.",agent_recipient,agent_recipient_style_2,test_template,test,dev,Grace,Liam,give,,recipient,causal,preserved,,,True,True,True,False,True,False,False,False
agent_recipient_style_2_006__counterfactual,agent_recipient_style_2_006,counterfactual,"When Grace was locked out, Liam gave her the map.",agent_recipient,agent_recipient_style_2,test_template,test,dev,Liam,Grace,give,,agent,causal,swapped,,,True,True,True,False,True,False,False,False
agent_recipient_style_2_007__base,agent_recipient_style_2_007,base,Hugo gave Maya the torch when she was locked out.,agent_recipient,agent_recipient_style_2,test_template,test,dev,Hugo,Maya,give,,recipient,causal,preserved,,,True,True,True,False,True,False,False,False
agent_recipient_style_2_007__paraphrase,agent_recipient_style_2_007,paraphrase,"When Maya was locked out, Hugo gave her the torch.",agent_recipient,agent_recipient_style_2,test_template,test,dev,Hugo,Maya,give,,recipient,causal,preserved,,,True,True,True,False,True,False,False,False
agent_recipient_style_2_007__counterfactual,agent_recipient_style_2_007,counterfactual,"When Hugo was locked out, Maya gave him the torch.",agent_recipient,agent_recipient_style_2,test_template,test,dev,Maya,Hugo,give,,agent,causal,swapped,,,True,True,True,False,True,False,False,False
agent_recipient_style_2_008__base,agent_recipient_style_2_008,base,Inez gave Noah the package when he was locked out.,agent_recipient,agent_recipient_style_2,test_template,test,dev,Inez,Noah,give,,recipient,causal,preserved,,,True,True,True,False,True,False,False,False
agent_recipient_style_2_008__paraphrase,agent_recipient_style_2_008,paraphrase,"When Noah was locked out, Inez gave him the package.",agent_recipient,agent_recipient_style_2,test_template,test,dev,Inez,Noah,give,,recipient,causal,preserved,,,True,True,True,False,True,False,False,False
agent_recipient_style_2_008__counterfactual,agent_recipient_style_2_008,counterfactual,"When Inez was locked out, Noah gave her the package.",agent_recipient,agent_recipient_style_2,test_template,test,dev,Noah,Inez,give,,agent,causal,swapped,,,True,True,True,False,True,False,False,False
agent_recipient_style_2_009__base,agent_recipient_style_2_009,base,Jonah gave Ava the note when she was locked out.,agent_recipient,agent_recipient_style_2,test_template,test,dev,Jonah,Ava,give,,recipient,causal,preserved,,,True,True,True,False,True,False,False,False
agent_recipient_style_2_009__paraphrase,agent_recipient_style_2_009,paraphrase,"When Ava was locked out, Jonah gave her the note.",agent_recipient,agent_recipient_style_2,test_template,test,dev,Jonah,Ava,give,,recipient,causal,preserved,,,True,True,True,False,True,False,False,False
agent_recipient_style_2_009__counterfactual,agent_recipient_style_2_009,counterfactual,"When Jonah was locked out, Ava gave him the note.",agent_recipient,agent_recipient_style_2,test_template,test,dev,Ava,Jonah,give,,agent,causal,swapped,,,True,True,True,False,True,False,False,False
agent_recipient_style_2_010__base,agent_recipient_style_2_010,base,Keira gave Ben the key when he was locked out.,agent_recipient,agent_recipient_style_2,test_template,test,dev,Keira,Ben,give,,recipient,causal,preserved,,,True,True,True,False,True,False,False,False
agent_recipient_style_2_010__paraphrase,agent_recipient_style_2_010,paraphrase,"When Ben was locked out, Keira gave him the key.",agent_recipient,agent_recipient_style_2,test_template,test,dev,Keira,Ben,give,,recipient,causal,preserved,,,True,True,True,False,True,False,False,False
agent_recipient_style_2_010__counterfactual,agent_recipient_style_2_010,counterfactual,"When Keira was locked out, Ben gave her the key.",agent_recipient,agent_recipient_style_2,test_template,test,dev,Ben,Keira,give,,agent,causal,swapped,,,True,True,True,False,True,False,False,False
agent_recipient_style_2_011__base,agent_recipient_style_2_011,base,Liam gave Clara the map when she was locked out.,agent_recipient,agent_recipient_style_2,test_template,test,dev,Liam,Clara,give,,recipient,causal,preserved,,,True,True,True,False,True,False,False,False
agent_recipient_style_2_011__paraphrase,agent_recipient_style_2_011,paraphrase,"When Clara was locked out, Liam gave her the map.",agent_recipient,agent_recipient_style_2,test_template,test,dev,Liam,Clara,give,,recipient,causal,preserved,,,True,True,True,False,True,False,False,False
agent_recipient_style_2_011__counterfactual,agent_recipient_style_2_011,counterfactual,"When Liam was locked out, Clara gave him the map.",agent_recipient,agent_recipient_style_2,test_template,test,dev,Clara,Liam,give,,agent,causal,swapped,,,True,True,True,False,True,False,False,False
agent_recipient_style_2_012__base,agent_recipient_style_2_012,base,Maya gave Diego the torch when he was locked out.,agent_recipient,agent_recipient_style_2,test_template,test,dev,Maya,Diego,give,,recipient,causal,preserved,,,True,True,True,False,True,False,False,False
agent_recipient_style_2_012__paraphrase,agent_recipient_style_2_012,paraphrase,"When Diego was locked out, Maya gave him the torch.",agent_recipient,agent_recipient_style_2,test_template,test,dev,Maya,Diego,give,,recipient,causal,preserved,,,True,True,True,False,True,False,False,False
agent_recipient_style_2_012__counterfactual,agent_recipient_style_2_012,counterfactual,"When Maya was locked out, Diego gave her the torch.",agent_recipient,agent_recipient_style_2,test_template,test,dev,Diego,Maya,give,,agent,causal,swapped,,,True,True,True,False,True,False,False,False
agent_recipient_style_2_013__base,agent_recipient_style_2_013,base,Noah gave Elena the package when she was locked out.,agent_recipient,agent_recipient_style_2,test_template,test,dev,Noah,Elena,give,,recipient,causal,preserved,,,True,True,True,False,True,False,False,False
agent_recipient_style_2_013__paraphrase,agent_recipient_style_2_013,paraphrase,"When Elena was locked out, Noah gave her the package.",agent_recipient,agent_recipient_style_2,test_template,test,dev,Noah,Elena,give,,recipient,causal,preserved,,,True,True,True,False,True,False,False,False
agent_recipient_style_2_013__counterfactual,agent_recipient_style_2_013,counterfactual,"When Noah was locked out, Elena gave him the package.",agent_recipient,agent_recipient_style_2,test_template,test,dev,Elena,Noah,give,,agent,causal,swapped,,,True,True,True,False,True,False,False,False
agent_recipient_style_2_014__base,agent_recipient_style_2_014,base,Priya gave Victor the note when he was locked out.,agent_recipient,agent_recipient_style_2,test_both,test,test,Priya,Victor,give,,recipient,causal,preserved,,,False,False,True,False,True,False,False,False
agent_recipient_style_2_014__paraphrase,agent_recipient_style_2_014,paraphrase,"When Victor was locked out, Priya gave him the note.",agent_recipient,agent_recipient_style_2,test_both,test,test,Priya,Victor,give,,recipient,causal,preserved,,,False,False,True,False,True,False,False,False
agent_recipient_style_2_014__counterfactual,agent_recipient_style_2_014,counterfactual,"When Priya was locked out, Victor gave her the note.",agent_recipient,agent_recipient_style_2,test_both,test,test,Victor,Priya,give,,agent,causal,swapped,,,False,False,True,False,True,False,False,False
agent_recipient_style_2_015__base,agent_recipient_style_2_015,base,Owen gave Priya the key when she was locked out.,agent_recipient,agent_recipient_style_2,test_both,test,test,Owen,Priya,give,,recipient,causal,preserved,,,False,False,True,False,True,False,False,False
agent_recipient_style_2_015__paraphrase,agent_recipient_style_2_015,paraphrase,"When Priya was locked out, Owen gave her the key.",agent_recipient,agent_recipient_style_2,test_both,test,test,Owen,Priya,give,,recipient,causal,preserved,,,False,False,True,False,True,False,False,False
agent_recipient_style_2_015__counterfactual,agent_recipient_style_2_015,counterfactual,"When Owen was locked out, Priya gave him the key.",agent_recipient,agent_recipient_style_2,test_both,test,test,Priya,Owen,give,,agent,causal,swapped,,,False,False,True,False,True,False,False,False
agent_recipient_style_2_016__base,agent_recipient_style_2_016,base,Rosa gave Owen the map when he was locked out.,agent_recipient,agent_recipient_style_2,test_both,test,test,Rosa,Owen,give,,recipient,causal,preserved,,,False,False,True,False,True,False,False,False
agent_recipient_style_2_016__paraphrase,agent_recipient_style_2_016,paraphrase,"When Owen was locked out, Rosa gave him the map.",agent_recipient,agent_recipient_style_2,test_both,test,test,Rosa,Owen,give,,recipient,causal,preserved,,,False,False,True,False,True,False,False,False
agent_recipient_style_2_016__counterfactual,agent_recipient_style_2_016,counterfactual,"When Rosa was locked out, Owen gave her the map.",agent_recipient,agent_recipient_style_2,test_both,test,test,Owen,Rosa,give,,agent,causal,swapped,,,False,False,True,False,True,False,False,False
agent_recipient_style_2_017__base,agent_recipient_style_2_017,base,Theo gave Rosa the torch when she was locked out.,agent_recipient,agent_recipient_style_2,test_both,test,test,Theo,Rosa,give,,recipient,causal,preserved,,,False,False,True,False,True,False,False,False
agent_recipient_style_2_017__paraphrase,agent_recipient_style_2_017,paraphrase,"When Rosa was locked out, Theo gave her the torch.",agent_recipient,agent_recipient_style_2,test_both,test,test,Theo,Rosa,give,,recipient,causal,preserved,,,False,False,True,False,True,False,False,False
agent_recipient_style_2_017__counterfactual,agent_recipient_style_2_017,counterfactual,"When Theo was locked out, Rosa gave him the torch.",agent_recipient,agent_recipient_style_2,test_both,test,test,Rosa,Theo,give,,agent,causal,swapped,,,False,False,True,False,True,False,False,False
agent_recipient_style_2_018__base,agent_recipient_style_2_018,base,Uma gave Theo the package when he was locked out.,agent_recipient,agent_recipient_style_2,test_both,test,test,Uma,Theo,give,,recipient,causal,preserved,,,False,False,True,False,True,False,False,False
agent_recipient_style_2_018__paraphrase,agent_recipient_style_2_018,paraphrase,"When Theo was locked out, Uma gave him the package.",agent_recipient,agent_recipient_style_2,test_both,test,test,Uma,Theo,give,,recipient,causal,preserved,,,False,False,True,False,True,False,False,False
agent_recipient_style_2_018__counterfactual,agent_recipient_style_2_018,counterfactual,"When Uma was locked out, Theo gave her the package.",agent_recipient,agent_recipient_style_2,test_both,test,test,Theo,Uma,give,,agent,causal,swapped,,,False,False,True,False,True,False,False,False
agent_recipient_style_2_019__base,agent_recipient_style_2_019,base,Victor gave Uma the note when she was locked out.,agent_recipient,agent_recipient_style_2,test_both,test,test,Victor,Uma,give,,recipient,causal,preserved,,,False,False,True,False,True,False,False,False
agent_recipient_style_2_019__paraphrase,agent_recipient_style_2_019,paraphrase,"When Uma was locked out, Victor gave her the note.",agent_recipient,agent_recipient_style_2,test_both,test,test,Victor,Uma,give,,recipient,causal,preserved,,,False,False,True,False,True,False,False,False
agent_recipient_style_2_019__counterfactual,agent_recipient_style_2_019,counterfactual,"When Victor was locked out, Uma gave him the note.",agent_recipient,agent_recipient_style_2,test_both,test,test,Uma,Victor,give,,agent,causal,swapped,,,False,False,True,False,True,False,False,False
cause_style_0_000__base,cause_style_0_000,base,Ava called Farid because he was worried.,cause,cause_style_0,dev,dev,dev,Ava,Farid,call,,recipient,causal,preserved,,,True,True,False,False,True,False,False,False
cause_style_0_000__paraphrase,cause_style_0_000,paraphrase,"Because Farid was worried, Ava called him.",cause,cause_style_0,dev,dev,dev,Ava,Farid,call,,recipient,causal,preserved,,,True,True,False,False,True,False,False,False
cause_style_0_000__counterfactual,cause_style_0_000,counterfactual,"Because Ava was worried, she called Farid.",cause,cause_style_0,dev,dev,dev,Ava,Farid,call,,agent,causal,preserved,,,True,True,False,False,True,False,False,False
cause_style_0_001__base,cause_style_0_001,base,Ben called Grace because she was worried.,cause,cause_style_0,dev,dev,dev,Ben,Grace,call,,recipient,causal,preserved,,,True,True,False,False,True,False,False,False
cause_style_0_001__paraphrase,cause_style_0_001,paraphrase,"Because Grace was worried, Ben called her.",cause,cause_style_0,dev,dev,dev,Ben,Grace,call,,recipient,causal,preserved,,,True,True,False,False,True,False,False,False
cause_style_0_001__counterfactual,cause_style_0_001,counterfactual,"Because Ben was worried, he called Grace.",cause,cause_style_0,dev,dev,dev,Ben,Grace,call,,agent,causal,preserved,,,True,True,False,False,True,False,False,False
cause_style_0_002__base,cause_style_0_002,base,Clara called Hugo because he was worried.,cause,cause_style_0,dev,dev,dev,Clara,Hugo,call,,recipient,causal,preserved,,,True,True,False,False,True,False,False,False
cause_style_0_002__paraphrase,cause_style_0_002,paraphrase,"Because Hugo was worried, Clara called him.",cause,cause_style_0,dev,dev,dev,Clara,Hugo,call,,recipient,causal,preserved,,,True,True,False,False,True,False,False,False
cause_style_0_002__counterfactual,cause_style_0_002,counterfactual,"Because Clara was worried, she called Hugo.",cause,cause_style_0,dev,dev,dev,Clara,Hugo,call,,agent,causal,preserved,,,True,True,False,False,True,False,False,False
cause_style_0_003__base,cause_style_0_003,base,Diego called Inez because she was worried.,cause,cause_style_0,dev,dev,dev,Diego,Inez,call,,recipient,causal,preserved,,,True,True,False,False,True,False,False,False
cause_style_0_003__paraphrase,cause_style_0_003,paraphrase,"Because Inez was worried, Diego called her.",cause,cause_style_0,dev,dev,dev,Diego,Inez,call,,recipient,causal,preserved,,,True,True,False,False,True,False,False,False
cause_style_0_003__counterfactual,cause_style_0_003,counterfactual,"Because Diego was worried, he called Inez.",cause,cause_style_0,dev,dev,dev,Diego,Inez,call,,agent,causal,preserved,,,True,True,False,False,True,False,False,False
cause_style_0_004__base,cause_style_0_004,base,Elena called Jonah because he was worried.,cause,cause_style_0,dev,dev,dev,Elena,Jonah,call,,recipient,causal,preserved,,,True,True,False,False,True,False,False,False
cause_style_0_004__paraphrase,cause_style_0_004,paraphrase,"Because Jonah was worried, Elena called him.",cause,cause_style_0,dev,dev,dev,Elena,Jonah,call,,recipient,causal,preserved,,,True,True,False,False,True,False,False,False
cause_style_0_004__counterfactual,cause_style_0_004,counterfactual,"Because Elena was worried, she called Jonah.",cause,cause_style_0,dev,dev,dev,Elena,Jonah,call,,agent,causal,preserved,,,True,True,False,False,True,False,False,False
cause_style_0_005__base,cause_style_0_005,base,Farid called Keira because she was worried.,cause,cause_style_0,dev,dev,dev,Farid,Keira,call,,recipient,causal,preserved,,,True,True,False,False,True,False,False,False
cause_style_0_005__paraphrase,cause_style_0_005,paraphrase,"Because Keira was worried, Farid called her.",cause,cause_style_0,dev,dev,dev,Farid,Keira,call,,recipient,causal,preserved,,,True,True,False,False,True,False,False,False
cause_style_0_005__counterfactual,cause_style_0_005,counterfactual,"Because Farid was worried, he called Keira.",cause,cause_style_0,dev,dev,dev,Farid,Keira,call,,agent,causal,preserved,,,True,True,False,False,True,False,False,False
cause_style_0_006__base,cause_style_0_006,base,Grace called Liam because he was worried.,cause,cause_style_0,dev,dev,dev,Grace,Liam,call,,recipient,causal,preserved,,,True,True,False,False,True,False,False,False
cause_style_0_006__paraphrase,cause_style_0_006,paraphrase,"Because Liam was worried, Grace called him.",cause,cause_style_0,dev,dev,dev,Grace,Liam,call,,recipient,causal,preserved,,,True,True,False,False,True,False,False,False
cause_style_0_006__counterfactual,cause_style_0_006,counterfactual,"Because Grace was worried, she called Liam.",cause,cause_style_0,dev,dev,dev,Grace,Liam,call,,agent,causal,preserved,,,True,True,False,False,True,False,False,False
cause_style_0_007__base,cause_style_0_007,base,Hugo called Maya because she was worried.,cause,cause_style_0,dev,dev,dev,Hugo,Maya,call,,recipient,causal,preserved,,,True,True,False,False,True,False,False,False
cause_style_0_007__paraphrase,cause_style_0_007,paraphrase,"Because Maya was worried, Hugo called her.",cause,cause_style_0,dev,dev,dev,Hugo,Maya,call,,recipient,causal,preserved,,,True,True,False,False,True,False,False,False
cause_style_0_007__counterfactual,cause_style_0_007,counterfactual,"Because Hugo was worried, he called Maya.",cause,cause_style_0,dev,dev,dev,Hugo,Maya,call,,agent,causal,preserved,,,True,True,False,False,True,False,False,False
cause_style_0_008__base,cause_style_0_008,base,Inez called Noah because he was worried.,cause,cause_style_0,dev,dev,dev,Inez,Noah,call,,recipient,causal,preserved,,,True,True,False,False,True,False,False,False
cause_style_0_008__paraphrase,cause_style_0_008,paraphrase,"Because Noah was worried, Inez called him.",cause,cause_style_0,dev,dev,dev,Inez,Noah,call,,recipient,causal,preserved,,,True,True,False,False,True,False,False,False
cause_style_0_008__counterfactual,cause_style_0_008,counterfactual,"Because Inez was worried, she called Noah.",cause,cause_style_0,dev,dev,dev,Inez,Noah,call,,agent,causal,preserved,,,True,True,False,False,True,False,False,False
cause_style_0_009__base,cause_style_0_009,base,Jonah called Ava because she was worried.,cause,cause_style_0,dev,dev,dev,Jonah,Ava,call,,recipient,causal,preserved,,,True,True,False,False,True,False,False,False
cause_style_0_009__paraphrase,cause_style_0_009,paraphrase,"Because Ava was worried, Jonah called her.",cause,cause_style_0,dev,dev,dev,Jonah,Ava,call,,recipient,causal,preserved,,,True,True,False,False,True,False,False,False
cause_style_0_009__counterfactual,cause_style_0_009,counterfactual,"Because Jonah was worried, he called Ava.",cause,cause_style_0,dev,dev,dev,Jonah,Ava,call,,agent,causal,preserved,,,True,True,False,False,True,False,False,False
cause_style_0_010__base,cause_style_0_010,base,Keira called Ben because he was worried.,cause,cause_style_0,dev,dev,dev,Keira,Ben,call,,recipient,causal,preserved,,,True,True,False,False,True,False,False,False
cause_style_0_010__paraphrase,cause_style_0_010,paraphrase,"Because Ben was worried, Keira called him.",cause,cause_style_0,dev,dev,dev,Keira,Ben,call,,recipient,causal,preserved,,,True,True,False,False,True,False,False,False
cause_style_0_010__counterfactual,cause_style_0_010,counterfactual,"Because Keira was worried, she called Ben.",cause,cause_style_0,dev,dev,dev,Keira,Ben,call,,agent,causal,preserved,,,True,True,False,False,True,False,False,False
cause_style_0_011__base,cause_style_0_011,base,Liam called Clara because she was worried.,cause,cause_style_0,dev,dev,dev,Liam,Clara,call,,recipient,causal,preserved,,,True,True,False,False,True,False,False,False
cause_style_0_011__paraphrase,cause_style_0_011,paraphrase,"Because Clara was worried, Liam called her.",cause,cause_style_0,dev,dev,dev,Liam,Clara,call,,recipient,causal,preserved,,,True,True,False,False,True,False,False,False
cause_style_0_011__counterfactual,cause_style_0_011,counterfactual,"Because Liam was worried, he called Clara.",cause,cause_style_0,dev,dev,dev,Liam,Clara,call,,agent,causal,preserved,,,True,True,False,False,True,False,False,False
cause_style_0_012__base,cause_style_0_012,base,Maya called Diego because he was worried.,cause,cause_style_0,dev,dev,dev,Maya,Diego,call,,recipient,causal,preserved,,,True,True,False,False,True,False,False,False
cause_style_0_012__paraphrase,cause_style_0_012,paraphrase,"Because Diego was worried, Maya called him.",cause,cause_style_0,dev,dev,dev,Maya,Diego,call,,recipient,causal,preserved,,,True,True,False,False,True,False,False,False
cause_style_0_012__counterfactual,cause_style_0_012,counterfactual,"Because Maya was worried, she called Diego.",cause,cause_style_0,dev,dev,dev,Maya,Diego,call,,agent,causal,preserved,,,True,True,False,False,True,False,False,False
cause_style_0_013__base,cause_style_0_013,base,Noah called Elena because she was worried.,cause,cause_style_0,dev,dev,dev,Noah,Elena,call,,recipient,causal,preserved,,,True,True,False,False,True,False,False,False
cause_style_0_013__paraphrase,cause_style_0_013,paraphrase,"Because Elena was worried, Noah called her.",cause,cause_style_0,dev,dev,dev,Noah,Elena,call,,recipient,causal,preserved,,,True,True,False,False,True,False,False,False
cause_style_0_013__counterfactual,cause_style_0_013,counterfactual,"Because Noah was worried, he called Elena.",cause,cause_style_0,dev,dev,dev,Noah,Elena,call,,agent,causal,preserved,,,True,True,False,False,True,False,False,False
cause_style_0_014__base,cause_style_0_014,base,Priya called Victor because he was worried.,cause,cause_style_0,test_entity,dev,test,Priya,Victor,call,,recipient,causal,preserved,,,False,False,False,False,True,False,False,False
cause_style_0_014__paraphrase,cause_style_0_014,paraphrase,"Because Victor was worried, Priya called him.",cause,cause_style_0,test_entity,dev,test,Priya,Victor,call,,recipient,causal,preserved,,,False,False,False,False,True,False,False,False
cause_style_0_014__counterfactual,cause_style_0_014,counterfactual,"Because Priya was worried, she called Victor.",cause,cause_style_0,test_entity,dev,test,Priya,Victor,call,,agent,causal,preserved,,,False,False,False,False,True,False,False,False
cause_style_0_015__base,cause_style_0_015,base,Owen called Priya because she was worried.,cause,cause_style_0,test_entity,dev,test,Owen,Priya,call,,recipient,causal,preserved,,,False,False,False,False,True,False,False,False
cause_style_0_015__paraphrase,cause_style_0_015,paraphrase,"Because Priya was worried, Owen called her.",cause,cause_style_0,test_entity,dev,test,Owen,Priya,call,,recipient,causal,preserved,,,False,False,False,False,True,False,False,False
cause_style_0_015__counterfactual,cause_style_0_015,counterfactual,"Because Owen was worried, he called Priya.",cause,cause_style_0,test_entity,dev,test,Owen,Priya,call,,agent,causal,preserved,,,False,False,False,False,True,False,False,False
cause_style_0_016__base,cause_style_0_016,base,Rosa called Owen because he was worried.,cause,cause_style_0,test_entity,dev,test,Rosa,Owen,call,,recipient,causal,preserved,,,False,False,False,False,True,False,False,False
cause_style_0_016__paraphrase,cause_style_0_016,paraphrase,"Because Owen was worried, Rosa called him.",cause,cause_style_0,test_entity,dev,test,Rosa,Owen,call,,recipient,causal,preserved,,,False,False,False,False,True,False,False,False
cause_style_0_016__counterfactual,cause_style_0_016,counterfactual,"Because Rosa was worried, she called Owen.",cause,cause_style_0,test_entity,dev,test,Rosa,Owen,call,,agent,causal,preserved,,,False,False,False,False,True,False,False,False
cause_style_0_017__base,cause_style_0_017,base,Theo called Rosa because she was worried.,cause,cause_style_0,test_entity,dev,test,Theo,Rosa,call,,recipient,causal,preserved,,,False,False,False,False,True,False,False,False
cause_style_0_017__paraphrase,cause_style_0_017,paraphrase,"Because Rosa was worried, Theo called her.",cause,cause_style_0,test_entity,dev,test,Theo,Rosa,call,,recipient,causal,preserved,,,False,False,False,False,True,False,False,False
cause_style_0_017__counterfactual,cause_style_0_017,counterfactual,"Because Theo was worried, he called Rosa.",cause,cause_style_0,test_entity,dev,test,Theo,Rosa,call,,agent,causal,preserved,,,False,False,False,False,True,False,False,False
cause_style_0_018__base,cause_style_0_018,base,Uma called Theo because he was worried.,cause,cause_style_0,test_entity,dev,test,Uma,Theo,call,,recipient,causal,preserved,,,False,False,False,False,True,False,False,False
cause_style_0_018__paraphrase,cause_style_0_018,paraphrase,"Because Theo was worried, Uma called him.",cause,cause_style_0,test_entity,dev,test,Uma,Theo,call,,recipient,causal,preserved,,,False,False,False,False,True,False,False,False
cause_style_0_018__counterfactual,cause_style_0_018,counterfactual,"Because Uma was worried, she called Theo.",cause,cause_style_0,test_entity,dev,test,Uma,Theo,call,,agent,causal,preserved,,,False,False,False,False,True,False,False,False
cause_style_0_019__base,cause_style_0_019,base,Victor called Uma because she was worried.,cause,cause_style_0,test_entity,dev,test,Victor,Uma,call,,recipient,causal,preserved,,,False,False,False,False,True,False,False,False
cause_style_0_019__paraphrase,cause_style_0_019,paraphrase,"Because Uma was worried, Victor called her.",cause,cause_style_0,test_entity,dev,test,Victor,Uma,call,,recipient,causal,preserved,,,False,False,False,False,True,False,False,False
cause_style_0_019__counterfactual,cause_style_0_019,counterfactual,"Because Victor was worried, he called Uma.",cause,cause_style_0,test_entity,dev,test,Victor,Uma,call,,agent,causal,preserved,,,False,False,False,False,True,False,False,False
cause_style_1_000__base,cause_style_1_000,base,Ava called Farid since he was worried.,cause,cause_style_1,dev,dev,dev,Ava,Farid,call,,recipient,causal,preserved,,,True,True,False,False,True,False,False,False
cause_style_1_000__paraphrase,cause_style_1_000,paraphrase,"Since Farid was worried, Ava called him.",cause,cause_style_1,dev,dev,dev,Ava,Farid,call,,recipient,causal,preserved,,,True,True,False,False,True,False,False,False
cause_style_1_000__counterfactual,cause_style_1_000,counterfactual,"Since Ava was worried, she called Farid.",cause,cause_style_1,dev,dev,dev,Ava,Farid,call,,agent,causal,preserved,,,True,True,False,False,True,False,False,False
cause_style_1_001__base,cause_style_1_001,base,Ben called Grace since she was worried.,cause,cause_style_1,dev,dev,dev,Ben,Grace,call,,recipient,causal,preserved,,,True,True,False,False,True,False,False,False
cause_style_1_001__paraphrase,cause_style_1_001,paraphrase,"Since Grace was worried, Ben called her.",cause,cause_style_1,dev,dev,dev,Ben,Grace,call,,recipient,causal,preserved,,,True,True,False,False,True,False,False,False
cause_style_1_001__counterfactual,cause_style_1_001,counterfactual,"Since Ben was worried, he called Grace.",cause,cause_style_1,dev,dev,dev,Ben,Grace,call,,agent,causal,preserved,,,True,True,False,False,True,False,False,False
cause_style_1_002__base,cause_style_1_002,base,Clara called Hugo since he was worried.,cause,cause_style_1,dev,dev,dev,Clara,Hugo,call,,recipient,causal,preserved,,,True,True,False,False,True,False,False,False
cause_style_1_002__paraphrase,cause_style_1_002,paraphrase,"Since Hugo was worried, Clara called him.",cause,cause_style_1,dev,dev,dev,Clara,Hugo,call,,recipient,causal,preserved,,,True,True,False,False,True,False,False,False
cause_style_1_002__counterfactual,cause_style_1_002,counterfactual,"Since Clara was worried, she called Hugo.",cause,cause_style_1,dev,dev,dev,Clara,Hugo,call,,agent,causal,preserved,,,True,True,False,False,True,False,False,False
cause_style_1_003__base,cause_style_1_003,base,Diego called Inez since she was worried.,cause,cause_style_1,dev,dev,dev,Diego,Inez,call,,recipient,causal,preserved,,,True,True,False,False,True,False,False,False
cause_style_1_003__paraphrase,cause_style_1_003,paraphrase,"Since Inez was worried, Diego called her.",cause,cause_style_1,dev,dev,dev,Diego,Inez,call,,recipient,causal,preserved,,,True,True,False,False,True,False,False,False
cause_style_1_003__counterfactual,cause_style_1_003,counterfactual,"Since Diego was worried, he called Inez.",cause,cause_style_1,dev,dev,dev,Diego,Inez,call,,agent,causal,preserved,,,True,True,False,False,True,False,False,False
cause_style_1_004__base,cause_style_1_004,base,Elena called Jonah since he was worried.,cause,cause_style_1,dev,dev,dev,Elena,Jonah,call,,recipient,causal,preserved,,,True,True,False,False,True,False,False,False
cause_style_1_004__paraphrase,cause_style_1_004,paraphrase,"Since Jonah was worried, Elena called him.",cause,cause_style_1,dev,dev,dev,Elena,Jonah,call,,recipient,causal,preserved,,,True,True,False,False,True,False,False,False
cause_style_1_004__counterfactual,cause_style_1_004,counterfactual,"Since Elena was worried, she called Jonah.",cause,cause_style_1,dev,dev,dev,Elena,Jonah,call,,agent,causal,preserved,,,True,True,False,False,True,False,False,False
cause_style_1_005__base,cause_style_1_005,base,Farid called Keira since she was worried.,cause,cause_style_1,dev,dev,dev,Farid,Keira,call,,recipient,causal,preserved,,,True,True,False,False,True,False,False,False
cause_style_1_005__paraphrase,cause_style_1_005,paraphrase,"Since Keira was worried, Farid called her.",cause,cause_style_1,dev,dev,dev,Farid,Keira,call,,recipient,causal,preserved,,,True,True,False,False,True,False,False,False
cause_style_1_005__counterfactual,cause_style_1_005,counterfactual,"Since Farid was worried, he called Keira.",cause,cause_style_1,dev,dev,dev,Farid,Keira,call,,agent,causal,preserved,,,True,True,False,False,True,False,False,False
cause_style_1_006__base,cause_style_1_006,base,Grace called Liam since he was worried.,cause,cause_style_1,dev,dev,dev,Grace,Liam,call,,recipient,causal,preserved,,,True,True,False,False,True,False,False,False
cause_style_1_006__paraphrase,cause_style_1_006,paraphrase,"Since Liam was worried, Grace called him.",cause,cause_style_1,dev,dev,dev,Grace,Liam,call,,recipient,causal,preserved,,,True,True,False,False,True,False,False,False
cause_style_1_006__counterfactual,cause_style_1_006,counterfactual,"Since Grace was worried, she called Liam.",cause,cause_style_1,dev,dev,dev,Grace,Liam,call,,agent,causal,preserved,,,True,True,False,False,True,False,False,False
cause_style_1_007__base,cause_style_1_007,base,Hugo called Maya since she was worried.,cause,cause_style_1,dev,dev,dev,Hugo,Maya,call,,recipient,causal,preserved,,,True,True,False,False,True,False,False,False
cause_style_1_007__paraphrase,cause_style_1_007,paraphrase,"Since Maya was worried, Hugo called her.",cause,cause_style_1,dev,dev,dev,Hugo,Maya,call,,recipient,causal,preserved,,,True,True,False,False,True,False,False,False
cause_style_1_007__counterfactual,cause_style_1_007,counterfactual,"Since Hugo was worried, he called Maya.",cause,cause_style_1,dev,dev,dev,Hugo,Maya,call,,agent,causal,preserved,,,True,True,False,False,True,False,False,False
cause_style_1_008__base,cause_style_1_008,base,Inez called Noah since he was worried.,cause,cause_style_1,dev,dev,dev,Inez,Noah,call,,recipient,causal,preserved,,,True,True,False,False,True,False,False,False
cause_style_1_008__paraphrase,cause_style_1_008,paraphrase,"Since Noah was worried, Inez called him.",cause,cause_style_1,dev,dev,dev,Inez,Noah,call,,recipient,causal,preserved,,,True,True,False,False,True,False,False,False
cause_style_1_008__counterfactual,cause_style_1_008,counterfactual,"Since Inez was worried, she called Noah.",cause,cause_style_1,dev,dev,dev,Inez,Noah,call,,agent,causal,preserved,,,True,True,False,False,True,False,False,False
cause_style_1_009__base,cause_style_1_009,base,Jonah called Ava since she was worried.,cause,cause_style_1,dev,dev,dev,Jonah,Ava,call,,recipient,causal,preserved,,,True,True,False,False,True,False,False,False
cause_style_1_009__paraphrase,cause_style_1_009,paraphrase,"Since Ava was worried, Jonah called her.",cause,cause_style_1,dev,dev,dev,Jonah,Ava,call,,recipient,causal,preserved,,,True,True,False,False,True,False,False,False
cause_style_1_009__counterfactual,cause_style_1_009,counterfactual,"Since Jonah was worried, he called Ava.",cause,cause_style_1,dev,dev,dev,Jonah,Ava,call,,agent,causal,preserved,,,True,True,False,False,True,False,False,False
cause_style_1_010__base,cause_style_1_010,base,Keira called Ben since he was worried.,cause,cause_style_1,dev,dev,dev,Keira,Ben,call,,recipient,causal,preserved,,,True,True,False,False,True,False,False,False
cause_style_1_010__paraphrase,cause_style_1_010,paraphrase,"Since Ben was worried, Keira called him.",cause,cause_style_1,dev,dev,dev,Keira,Ben,call,,recipient,causal,preserved,,,True,True,False,False,True,False,False,False
cause_style_1_010__counterfactual,cause_style_1_010,counterfactual,"Since Keira was worried, she called Ben.",cause,cause_style_1,dev,dev,dev,Keira,Ben,call,,agent,causal,preserved,,,True,True,False,False,True,False,False,False
cause_style_1_011__base,cause_style_1_011,base,Liam called Clara since she was worried.,cause,cause_style_1,dev,dev,dev,Liam,Clara,call,,recipient,causal,preserved,,,True,True,False,False,True,False,False,False
cause_style_1_011__paraphrase,cause_style_1_011,paraphrase,"Since Clara was worried, Liam called her.",cause,cause_style_1,dev,dev,dev,Liam,Clara,call,,recipient,causal,preserved,,,True,True,False,False,True,False,False,False
cause_style_1_011__counterfactual,cause_style_1_011,counterfactual,"Since Liam was worried, he called Clara.",cause,cause_style_1,dev,dev,dev,Liam,Clara,call,,agent,causal,preserved,,,True,True,False,False,True,False,False,False
cause_style_1_012__base,cause_style_1_012,base,Maya called Diego since he was worried.,cause,cause_style_1,dev,dev,dev,Maya,Diego,call,,recipient,causal,preserved,,,True,True,False,False,True,False,False,False
cause_style_1_012__paraphrase,cause_style_1_012,paraphrase,"Since Diego was worried, Maya called him.",cause,cause_style_1,dev,dev,dev,Maya,Diego,call,,recipient,causal,preserved,,,True,True,False,False,True,False,False,False
cause_style_1_012__counterfactual,cause_style_1_012,counterfactual,"Since Maya was worried, she called Diego.",cause,cause_style_1,dev,dev,dev,Maya,Diego,call,,agent,causal,preserved,,,True,True,False,False,True,False,False,False
cause_style_1_013__base,cause_style_1_013,base,Noah called Elena since she was worried.,cause,cause_style_1,dev,dev,dev,Noah,Elena,call,,recipient,causal,preserved,,,True,True,False,False,True,False,False,False
cause_style_1_013__paraphrase,cause_style_1_013,paraphrase,"Since Elena was worried, Noah called her.",cause,cause_style_1,dev,dev,dev,Noah,Elena,call,,recipient,causal,preserved,,,True,True,False,False,True,False,False,False
cause_style_1_013__counterfactual,cause_style_1_013,counterfactual,"Since Noah was worried, he called Elena.",cause,cause_style_1,dev,dev,dev,Noah,Elena,call,,agent,causal,preserved,,,True,True,False,False,True,False,False,False
cause_style_1_014__base,cause_style_1_014,base,Priya called Victor since he was worried.,cause,cause_style_1,test_entity,dev,test,Priya,Victor,call,,recipient,causal,preserved,,,False,False,False,False,True,False,False,False
cause_style_1_014__paraphrase,cause_style_1_014,paraphrase,"Since Victor was worried, Priya called him.",cause,cause_style_1,test_entity,dev,test,Priya,Victor,call,,recipient,causal,preserved,,,False,False,False,False,True,False,False,False
cause_style_1_014__counterfactual,cause_style_1_014,counterfactual,"Since Priya was worried, she called Victor.",cause,cause_style_1,test_entity,dev,test,Priya,Victor,call,,agent,causal,preserved,,,False,False,False,False,True,False,False,False
cause_style_1_015__base,cause_style_1_015,base,Owen called Priya since she was worried.,cause,cause_style_1,test_entity,dev,test,Owen,Priya,call,,recipient,causal,preserved,,,False,False,False,False,True,False,False,False
cause_style_1_015__paraphrase,cause_style_1_015,paraphrase,"Since Priya was worried, Owen called her.",cause,cause_style_1,test_entity,dev,test,Owen,Priya,call,,recipient,causal,preserved,,,False,False,False,False,True,False,False,False
cause_style_1_015__counterfactual,cause_style_1_015,counterfactual,"Since Owen was worried, he called Priya.",cause,cause_style_1,test_entity,dev,test,Owen,Priya,call,,agent,causal,preserved,,,False,False,False,False,True,False,False,False
cause_style_1_016__base,cause_style_1_016,base,Rosa called Owen since he was worried.,cause,cause_style_1,test_entity,dev,test,Rosa,Owen,call,,recipient,causal,preserved,,,False,False,False,False,True,False,False,False
cause_style_1_016__paraphrase,cause_style_1_016,paraphrase,"Since Owen was worried, Rosa called him.",cause,cause_style_1,test_entity,dev,test,Rosa,Owen,call,,recipient,causal,preserved,,,False,False,False,False,True,False,False,False
cause_style_1_016__counterfactual,cause_style_1_016,counterfactual,"Since Rosa was worried, she called Owen.",cause,cause_style_1,test_entity,dev,test,Rosa,Owen,call,,agent,causal,preserved,,,False,False,False,False,True,False,False,False
cause_style_1_017__base,cause_style_1_017,base,Theo called Rosa since she was worried.,cause,cause_style_1,test_entity,dev,test,Theo,Rosa,call,,recipient,causal,preserved,,,False,False,False,False,True,False,False,False
cause_style_1_017__paraphrase,cause_style_1_017,paraphrase,"Since Rosa was worried, Theo called her.",cause,cause_style_1,test_entity,dev,test,Theo,Rosa,call,,recipient,causal,preserved,,,False,False,False,False,True,False,False,False
cause_style_1_017__counterfactual,cause_style_1_017,counterfactual,"Since Theo was worried, he called Rosa.",cause,cause_style_1,test_entity,dev,test,Theo,Rosa,call,,agent,causal,preserved,,,False,False,False,False,True,False,False,False
cause_style_1_018__base,cause_style_1_018,base,Uma called Theo since he was worried.,cause,cause_style_1,test_entity,dev,test,Uma,Theo,call,,recipient,causal,preserved,,,False,False,False,False,True,False,False,False
cause_style_1_018__paraphrase,cause_style_1_018,paraphrase,"Since Theo was worried, Uma called him.",cause,cause_style_1,test_entity,dev,test,Uma,Theo,call,,recipient,causal,preserved,,,False,False,False,False,True,False,False,False
cause_style_1_018__counterfactual,cause_style_1_018,counterfactual,"Since Uma was worried, she called Theo.",cause,cause_style_1,test_entity,dev,test,Uma,Theo,call,,agent,causal,preserved,,,False,False,False,False,True,False,False,False
cause_style_1_019__base,cause_style_1_019,base,Victor called Uma since she was worried.,cause,cause_style_1,test_entity,dev,test,Victor,Uma,call,,recipient,causal,preserved,,,False,False,False,False,True,False,False,False
cause_style_1_019__paraphrase,cause_style_1_019,paraphrase,"Since Uma was worried, Victor called her.",cause,cause_style_1,test_entity,dev,test,Victor,Uma,call,,recipient,causal,preserved,,,False,False,False,False,True,False,False,False
cause_style_1_019__counterfactual,cause_style_1_019,counterfactual,"Since Victor was worried, he called Uma.",cause,cause_style_1,test_entity,dev,test,Victor,Uma,call,,agent,causal,preserved,,,False,False,False,False,True,False,False,False
cause_style_2_000__base,cause_style_2_000,base,Ava called Farid when he was worried.,cause,cause_style_2,test_template,test,dev,Ava,Farid,call,,recipient,causal,preserved,,,True,True,False,False,True,False,False,False
cause_style_2_000__paraphrase,cause_style_2_000,paraphrase,"When Farid was worried, Ava called him.",cause,cause_style_2,test_template,test,dev,Ava,Farid,call,,recipient,causal,preserved,,,True,True,False,False,True,False,False,False
cause_style_2_000__counterfactual,cause_style_2_000,counterfactual,"When Ava was worried, she called Farid.",cause,cause_style_2,test_template,test,dev,Ava,Farid,call,,agent,causal,preserved,,,True,True,False,False,True,False,False,False
cause_style_2_001__base,cause_style_2_001,base,Ben called Grace when she was worried.,cause,cause_style_2,test_template,test,dev,Ben,Grace,call,,recipient,causal,preserved,,,True,True,False,False,True,False,False,False
cause_style_2_001__paraphrase,cause_style_2_001,paraphrase,"When Grace was worried, Ben called her.",cause,cause_style_2,test_template,test,dev,Ben,Grace,call,,recipient,causal,preserved,,,True,True,False,False,True,False,False,False
cause_style_2_001__counterfactual,cause_style_2_001,counterfactual,"When Ben was worried, he called Grace.",cause,cause_style_2,test_template,test,dev,Ben,Grace,call,,agent,causal,preserved,,,True,True,False,False,True,False,False,False
cause_style_2_002__base,cause_style_2_002,base,Clara called Hugo when he was worried.,cause,cause_style_2,test_template,test,dev,Clara,Hugo,call,,recipient,causal,preserved,,,True,True,False,False,True,False,False,False
cause_style_2_002__paraphrase,cause_style_2_002,paraphrase,"When Hugo was worried, Clara called him.",cause,cause_style_2,test_template,test,dev,Clara,Hugo,call,,recipient,causal,preserved,,,True,True,False,False,True,False,False,False
cause_style_2_002__counterfactual,cause_style_2_002,counterfactual,"When Clara was worried, she called Hugo.",cause,cause_style_2,test_template,test,dev,Clara,Hugo,call,,agent,causal,preserved,,,True,True,False,False,True,False,False,False
cause_style_2_003__base,cause_style_2_003,base,Diego called Inez when she was worried.,cause,cause_style_2,test_template,test,dev,Diego,Inez,call,,recipient,causal,preserved,,,True,True,False,False,True,False,False,False
cause_style_2_003__paraphrase,cause_style_2_003,paraphrase,"When Inez was worried, Diego called her.",cause,cause_style_2,test_template,test,dev,Diego,Inez,call,,recipient,causal,preserved,,,True,True,False,False,True,False,False,False
cause_style_2_003__counterfactual,cause_style_2_003,counterfactual,"When Diego was worried, he called Inez.",cause,cause_style_2,test_template,test,dev,Diego,Inez,call,,agent,causal,preserved,,,True,True,False,False,True,False,False,False
cause_style_2_004__base,cause_style_2_004,base,Elena called Jonah when he was worried.,cause,cause_style_2,test_template,test,dev,Elena,Jonah,call,,recipient,causal,preserved,,,True,True,False,False,True,False,False,False
cause_style_2_004__paraphrase,cause_style_2_004,paraphrase,"When Jonah was worried, Elena called him.",cause,cause_style_2,test_template,test,dev,Elena,Jonah,call,,recipient,causal,preserved,,,True,True,False,False,True,False,False,False
cause_style_2_004__counterfactual,cause_style_2_004,counterfactual,"When Elena was worried, she called Jonah.",cause,cause_style_2,test_template,test,dev,Elena,Jonah,call,,agent,causal,preserved,,,True,True,False,False,True,False,False,False
cause_style_2_005__base,cause_style_2_005,base,Farid called Keira when she was worried.,cause,cause_style_2,test_template,test,dev,Farid,Keira,call,,recipient,causal,preserved,,,True,True,False,False,True,False,False,False
cause_style_2_005__paraphrase,cause_style_2_005,paraphrase,"When Keira was worried, Farid called her.",cause,cause_style_2,test_template,test,dev,Farid,Keira,call,,recipient,causal,preserved,,,True,True,False,False,True,False,False,False
cause_style_2_005__counterfactual,cause_style_2_005,counterfactual,"When Farid was worried, he called Keira.",cause,cause_style_2,test_template,test,dev,Farid,Keira,call,,agent,causal,preserved,,,True,True,False,False,True,False,False,False
cause_style_2_006__base,cause_style_2_006,base,Grace called Liam when he was worried.,cause,cause_style_2,test_template,test,dev,Grace,Liam,call,,recipient,causal,preserved,,,True,True,False,False,True,False,False,False
cause_style_2_006__paraphrase,cause_style_2_006,paraphrase,"When Liam was worried, Grace called him.",cause,cause_style_2,test_template,test,dev,Grace,Liam,call,,recipient,causal,preserved,,,True,True,False,False,True,False,False,False
cause_style_2_006__counterfactual,cause_style_2_006,counterfactual,"When Grace was worried, she called Liam.",cause,cause_style_2,test_template,test,dev,Grace,Liam,call,,agent,causal,preserved,,,True,True,False,False,True,False,False,False
cause_style_2_007__base,cause_style_2_007,base,Hugo called Maya when she was worried.,cause,cause_style_2,test_template,test,dev,Hugo,Maya,call,,recipient,causal,preserved,,,True,True,False,False,True,False,False,False
cause_style_2_007__paraphrase,cause_style_2_007,paraphrase,"When Maya was worried, Hugo called her.",cause,cause_style_2,test_template,test,dev,Hugo,Maya,call,,recipient,causal,preserved,,,True,True,False,False,True,False,False,False
cause_style_2_007__counterfactual,cause_style_2_007,counterfactual,"When Hugo was worried, he called Maya.",cause,cause_style_2,test_template,test,dev,Hugo,Maya,call,,agent,causal,preserved,,,True,True,False,False,True,False,False,False
cause_style_2_008__base,cause_style_2_008,base,Inez called Noah when he was worried.,cause,cause_style_2,test_template,test,dev,Inez,Noah,call,,recipient,causal,preserved,,,True,True,False,False,True,False,False,False
cause_style_2_008__paraphrase,cause_style_2_008,paraphrase,"When Noah was worried, Inez called him.",cause,cause_style_2,test_template,test,dev,Inez,Noah,call,,recipient,causal,preserved,,,True,True,False,False,True,False,False,False
cause_style_2_008__counterfactual,cause_style_2_008,counterfactual,"When Inez was worried, she called Noah.",cause,cause_style_2,test_template,test,dev,Inez,Noah,call,,agent,causal,preserved,,,True,True,False,False,True,False,False,False
cause_style_2_009__base,cause_style_2_009,base,Jonah called Ava when she was worried.,cause,cause_style_2,test_template,test,dev,Jonah,Ava,call,,recipient,causal,preserved,,,True,True,False,False,True,False,False,False
cause_style_2_009__paraphrase,cause_style_2_009,paraphrase,"When Ava was worried, Jonah called her.",cause,cause_style_2,test_template,test,dev,Jonah,Ava,call,,recipient,causal,preserved,,,True,True,False,False,True,False,False,False
cause_style_2_009__counterfactual,cause_style_2_009,counterfactual,"When Jonah was worried, he called Ava.",cause,cause_style_2,test_template,test,dev,Jonah,Ava,call,,agent,causal,preserved,,,True,True,False,False,True,False,False,False
cause_style_2_010__base,cause_style_2_010,base,Keira called Ben when he was worried.,cause,cause_style_2,test_template,test,dev,Keira,Ben,call,,recipient,causal,preserved,,,True,True,False,False,True,False,False,False
cause_style_2_010__paraphrase,cause_style_2_010,paraphrase,"When Ben was worried, Keira called him.",cause,cause_style_2,test_template,test,dev,Keira,Ben,call,,recipient,causal,preserved,,,True,True,False,False,True,False,False,False
cause_style_2_010__counterfactual,cause_style_2_010,counterfactual,"When Keira was worried, she called Ben.",cause,cause_style_2,test_template,test,dev,Keira,Ben,call,,agent,causal,preserved,,,True,True,False,False,True,False,False,False
cause_style_2_011__base,cause_style_2_011,base,Liam called Clara when she was worried.,cause,cause_style_2,test_template,test,dev,Liam,Clara,call,,recipient,causal,preserved,,,True,True,False,False,True,False,False,False
cause_style_2_011__paraphrase,cause_style_2_011,paraphrase,"When Clara was worried, Liam called her.",cause,cause_style_2,test_template,test,dev,Liam,Clara,call,,recipient,causal,preserved,,,True,True,False,False,True,False,False,False
cause_style_2_011__counterfactual,cause_style_2_011,counterfactual,"When Liam was worried, he called Clara.",cause,cause_style_2,test_template,test,dev,Liam,Clara,call,,agent,causal,preserved,,,True,True,False,False,True,False,False,False
cause_style_2_012__base,cause_style_2_012,base,Maya called Diego when he was worried.,cause,cause_style_2,test_template,test,dev,Maya,Diego,call,,recipient,causal,preserved,,,True,True,False,False,True,False,False,False
cause_style_2_012__paraphrase,cause_style_2_012,paraphrase,"When Diego was worried, Maya called him.",cause,cause_style_2,test_template,test,dev,Maya,Diego,call,,recipient,causal,preserved,,,True,True,False,False,True,False,False,False
cause_style_2_012__counterfactual,cause_style_2_012,counterfactual,"When Maya was worried, she called Diego.",cause,cause_style_2,test_template,test,dev,Maya,Diego,call,,agent,causal,preserved,,,True,True,False,False,True,False,False,False
cause_style_2_013__base,cause_style_2_013,base,Noah called Elena when she was worried.,cause,cause_style_2,test_template,test,dev,Noah,Elena,call,,recipient,causal,preserved,,,True,True,False,False,True,False,False,False
cause_style_2_013__paraphrase,cause_style_2_013,paraphrase,"When Elena was worried, Noah called her.",cause,cause_style_2,test_template,test,dev,Noah,Elena,call,,recipient,causal,preserved,,,True,True,False,False,True,False,False,False
cause_style_2_013__counterfactual,cause_style_2_013,counterfactual,"When Noah was worried, he called Elena.",cause,cause_style_2,test_template,test,dev,Noah,Elena,call,,agent,causal,preserved,,,True,True,False,False,True,False,False,False
cause_style_2_014__base,cause_style_2_014,base,Priya called Victor when he was worried.,cause,cause_style_2,test_both,test,test,Priya,Victor,call,,recipient,causal,preserved,,,False,False,False,False,True,False,False,False
cause_style_2_014__paraphrase,cause_style_2_014,paraphrase,"When Victor was worried, Priya called him.",cause,cause_style_2,test_both,test,test,Priya,Victor,call,,recipient,causal,preserved,,,False,False,False,False,True,False,False,False
cause_style_2_014__counterfactual,cause_style_2_014,counterfactual,"When Priya was worried, she called Victor.",cause,cause_style_2,test_both,test,test,Priya,Victor,call,,agent,causal,preserved,,,False,False,False,False,True,False,False,False
cause_style_2_015__base,cause_style_2_015,base,Owen called Priya when she was worried.,cause,cause_style_2,test_both,test,test,Owen,Priya,call,,recipient,causal,preserved,,,False,False,False,False,True,False,False,False
cause_style_2_015__paraphrase,cause_style_2_015,paraphrase,"When Priya was worried, Owen called her.",cause,cause_style_2,test_both,test,test,Owen,Priya,call,,recipient,causal,preserved,,,False,False,False,False,True,False,False,False
cause_style_2_015__counterfactual,cause_style_2_015,counterfactual,"When Owen was worried, he called Priya.",cause,cause_style_2,test_both,test,test,Owen,Priya,call,,agent,causal,preserved,,,False,False,False,False,True,False,False,False
cause_style_2_016__base,cause_style_2_016,base,Rosa called Owen when he was worried.,cause,cause_style_2,test_both,test,test,Rosa,Owen,call,,recipient,causal,preserved,,,False,False,False,False,True,False,False,False
cause_style_2_016__paraphrase,cause_style_2_016,paraphrase,"When Owen was worried, Rosa called him.",cause,cause_style_2,test_both,test,test,Rosa,Owen,call,,recipient,causal,preserved,,,False,False,False,False,True,False,False,False
cause_style_2_016__counterfactual,cause_style_2_016,counterfactual,"When Rosa was worried, she called Owen.",cause,cause_style_2,test_both,test,test,Rosa,Owen,call,,agent,causal,preserved,,,False,False,False,False,True,False,False,False
cause_style_2_017__base,cause_style_2_017,base,Theo called Rosa when she was worried.,cause,cause_style_2,test_both,test,test,Theo,Rosa,call,,recipient,causal,preserved,,,False,False,False,False,True,False,False,False
cause_style_2_017__paraphrase,cause_style_2_017,paraphrase,"When Rosa was worried, Theo called her.",cause,cause_style_2,test_both,test,test,Theo,Rosa,call,,recipient,causal,preserved,,,False,False,False,False,True,False,False,False
cause_style_2_017__counterfactual,cause_style_2_017,counterfactual,"When Theo was worried, he called Rosa.",cause,cause_style_2,test_both,test,test,Theo,Rosa,call,,agent,causal,preserved,,,False,False,False,False,True,False,False,False
cause_style_2_018__base,cause_style_2_018,base,Uma called Theo when he was worried.,cause,cause_style_2,test_both,test,test,Uma,Theo,call,,recipient,causal,preserved,,,False,False,False,False,True,False,False,False
cause_style_2_018__paraphrase,cause_style_2_018,paraphrase,"When Theo was worried, Uma called him.",cause,cause_style_2,test_both,test,test,Uma,Theo,call,,recipient,causal,preserved,,,False,False,False,False,True,False,False,False
cause_style_2_018__counterfactual,cause_style_2_018,counterfactual,"When Uma was worried, she called Theo.",cause,cause_style_2,test_both,test,test,Uma,Theo,call,,agent,causal,preserved,,,False,False,False,False,True,False,False,False
cause_style_2_019__base,cause_style_2_019,base,Victor called Uma when she was worried.,cause,cause_style_2,test_both,test,test,Victor,Uma,call,,recipient,causal,preserved,,,False,False,False,False,True,False,False,False
cause_style_2_019__paraphrase,cause_style_2_019,paraphrase,"When Uma was worried, Victor called her.",cause,cause_style_2,test_both,test,test,Victor,Uma,call,,recipient,causal,preserved,,,False,False,False,False,True,False,False,False
cause_style_2_019__counterfactual,cause_style_2_019,counterfactual,"When Victor was worried, he called Uma.",cause,cause_style_2,test_both,test,test,Victor,Uma,call,,agent,causal,preserved,,,False,False,False,False,True,False,False,False
event_state_style_0_000__base,event_state_style_0_000,base,Ava carried the glass because it was fragile.,event_state,event_state_style_0,dev,dev,dev,Ava,Farid,carry,carried,,causal,preserved,,,True,True,False,True,False,False,False,False
event_state_style_0_000__paraphrase,event_state_style_0_000,paraphrase,"Because the glass was fragile, Ava transported it.",event_state,event_state_style_0,dev,dev,dev,Ava,Farid,carry,carried,,causal,preserved,,,True,True,False,True,False,False,False,False
event_state_style_0_000__counterfactual,event_state_style_0_000,counterfactual,"Because the glass was fragile, Ava dropped it.",event_state,event_state_style_0,dev,dev,dev,Ava,Farid,carry,dropped,,causal,preserved,,,True,True,False,True,False,False,False,False
event_state_style_0_001__base,event_state_style_0_001,base,Ben carried the vase because it was fragile.,event_state,event_state_style_0,dev,dev,dev,Ben,Grace,carry,carried,,causal,preserved,,,True,True,False,True,False,False,False,False
event_state_style_0_001__paraphrase,event_state_style_0_001,paraphrase,"Because the vase was fragile, Ben transported it.",event_state,event_state_style_0,dev,dev,dev,Ben,Grace,carry,carried,,causal,preserved,,,True,True,False,True,False,False,False,False
event_state_style_0_001__counterfactual,event_state_style_0_001,counterfactual,"Because the vase was fragile, Ben dropped it.",event_state,event_state_style_0,dev,dev,dev,Ben,Grace,carry,dropped,,causal,preserved,,,True,True,False,True,False,False,False,False
event_state_style_0_002__base,event_state_style_0_002,base,Clara carried the box because it was fragile.,event_state,event_state_style_0,dev,dev,dev,Clara,Hugo,carry,carried,,causal,preserved,,,True,True,False,True,False,False,False,False
event_state_style_0_002__paraphrase,event_state_style_0_002,paraphrase,"Because the box was fragile, Clara transported it.",event_state,event_state_style_0,dev,dev,dev,Clara,Hugo,carry,carried,,causal,preserved,,,True,True,False,True,False,False,False,False
event_state_style_0_002__counterfactual,event_state_style_0_002,counterfactual,"Because the box was fragile, Clara dropped it.",event_state,event_state_style_0,dev,dev,dev,Clara,Hugo,carry,dropped,,causal,preserved,,,True,True,False,True,False,False,False,False
event_state_style_0_003__base,event_state_style_0_003,base,Diego carried the plate because it was fragile.,event_state,event_state_style_0,dev,dev,dev,Diego,Inez,carry,carried,,causal,preserved,,,True,True,False,True,False,False,False,False
event_state_style_0_003__paraphrase,event_state_style_0_003,paraphrase,"Because the plate was fragile, Diego transported it.",event_state,event_state_style_0,dev,dev,dev,Diego,Inez,carry,carried,,causal,preserved,,,True,True,False,True,False,False,False,False
event_state_style_0_003__counterfactual,event_state_style_0_003,counterfactual,"Because the plate was fragile, Diego dropped it.",event_state,event_state_style_0,dev,dev,dev,Diego,Inez,carry,dropped,,causal,preserved,,,True,True,False,True,False,False,False,False
event_state_style_0_004__base,event_state_style_0_004,base,Elena carried the lantern because it was fragile.,event_state,event_state_style_0,dev,dev,dev,Elena,Jonah,carry,carried,,causal,preserved,,,True,True,False,True,False,False,False,False
event_state_style_0_004__paraphrase,event_state_style_0_004,paraphrase,"Because the lantern was fragile, Elena transported it.",event_state,event_state_style_0,dev,dev,dev,Elena,Jonah,carry,carried,,causal,preserved,,,True,True,False,True,False,False,False,False
event_state_style_0_004__counterfactual,event_state_style_0_004,counterfactual,"Because the lantern was fragile, Elena dropped it.",event_state,event_state_style_0,dev,dev,dev,Elena,Jonah,carry,dropped,,causal,preserved,,,True,True,False,True,False,False,False,False
event_state_style_0_005__base,event_state_style_0_005,base,Farid carried the glass because it was fragile.,event_state,event_state_style_0,dev,dev,dev,Farid,Keira,carry,carried,,causal,preserved,,,True,True,False,True,False,False,False,False
event_state_style_0_005__paraphrase,event_state_style_0_005,paraphrase,"Because the glass was fragile, Farid transported it.",event_state,event_state_style_0,dev,dev,dev,Farid,Keira,carry,carried,,causal,preserved,,,True,True,False,True,False,False,False,False
event_state_style_0_005__counterfactual,event_state_style_0_005,counterfactual,"Because the glass was fragile, Farid dropped it.",event_state,event_state_style_0,dev,dev,dev,Farid,Keira,carry,dropped,,causal,preserved,,,True,True,False,True,False,False,False,False
event_state_style_0_006__base,event_state_style_0_006,base,Grace carried the vase because it was fragile.,event_state,event_state_style_0,dev,dev,dev,Grace,Liam,carry,carried,,causal,preserved,,,True,True,False,True,False,False,False,False
event_state_style_0_006__paraphrase,event_state_style_0_006,paraphrase,"Because the vase was fragile, Grace transported it.",event_state,event_state_style_0,dev,dev,dev,Grace,Liam,carry,carried,,causal,preserved,,,True,True,False,True,False,False,False,False
event_state_style_0_006__counterfactual,event_state_style_0_006,counterfactual,"Because the vase was fragile, Grace dropped it.",event_state,event_state_style_0,dev,dev,dev,Grace,Liam,carry,dropped,,causal,preserved,,,True,True,False,True,False,False,False,False
event_state_style_0_007__base,event_state_style_0_007,base,Hugo carried the box because it was fragile.,event_state,event_state_style_0,dev,dev,dev,Hugo,Maya,carry,carried,,causal,preserved,,,True,True,False,True,False,False,False,False
event_state_style_0_007__paraphrase,event_state_style_0_007,paraphrase,"Because the box was fragile, Hugo transported it.",event_state,event_state_style_0,dev,dev,dev,Hugo,Maya,carry,carried,,causal,preserved,,,True,True,False,True,False,False,False,False
event_state_style_0_007__counterfactual,event_state_style_0_007,counterfactual,"Because the box was fragile, Hugo dropped it.",event_state,event_state_style_0,dev,dev,dev,Hugo,Maya,carry,dropped,,causal,preserved,,,True,True,False,True,False,False,False,False
event_state_style_0_008__base,event_state_style_0_008,base,Inez carried the plate because it was fragile.,event_state,event_state_style_0,dev,dev,dev,Inez,Noah,carry,carried,,causal,preserved,,,True,True,False,True,False,False,False,False
event_state_style_0_008__paraphrase,event_state_style_0_008,paraphrase,"Because the plate was fragile, Inez transported it.",event_state,event_state_style_0,dev,dev,dev,Inez,Noah,carry,carried,,causal,preserved,,,True,True,False,True,False,False,False,False
event_state_style_0_008__counterfactual,event_state_style_0_008,counterfactual,"Because the plate was fragile, Inez dropped it.",event_state,event_state_style_0,dev,dev,dev,Inez,Noah,carry,dropped,,causal,preserved,,,True,True,False,True,False,False,False,False
event_state_style_0_009__base,event_state_style_0_009,base,Jonah carried the lantern because it was fragile.,event_state,event_state_style_0,dev,dev,dev,Jonah,Ava,carry,carried,,causal,preserved,,,True,True,False,True,False,False,False,False
event_state_style_0_009__paraphrase,event_state_style_0_009,paraphrase,"Because the lantern was fragile, Jonah transported it.",event_state,event_state_style_0,dev,dev,dev,Jonah,Ava,carry,carried,,causal,preserved,,,True,True,False,True,False,False,False,False
event_state_style_0_009__counterfactual,event_state_style_0_009,counterfactual,"Because the lantern was fragile, Jonah dropped it.",event_state,event_state_style_0,dev,dev,dev,Jonah,Ava,carry,dropped,,causal,preserved,,,True,True,False,True,False,False,False,False
event_state_style_0_010__base,event_state_style_0_010,base,Keira carried the glass because it was fragile.,event_state,event_state_style_0,dev,dev,dev,Keira,Ben,carry,carried,,causal,preserved,,,True,True,False,True,False,False,False,False
event_state_style_0_010__paraphrase,event_state_style_0_010,paraphrase,"Because the glass was fragile, Keira transported it.",event_state,event_state_style_0,dev,dev,dev,Keira,Ben,carry,carried,,causal,preserved,,,True,True,False,True,False,False,False,False
event_state_style_0_010__counterfactual,event_state_style_0_010,counterfactual,"Because the glass was fragile, Keira dropped it.",event_state,event_state_style_0,dev,dev,dev,Keira,Ben,carry,dropped,,causal,preserved,,,True,True,False,True,False,False,False,False
event_state_style_0_011__base,event_state_style_0_011,base,Liam carried the vase because it was fragile.,event_state,event_state_style_0,dev,dev,dev,Liam,Clara,carry,carried,,causal,preserved,,,True,True,False,True,False,False,False,False
event_state_style_0_011__paraphrase,event_state_style_0_011,paraphrase,"Because the vase was fragile, Liam transported it.",event_state,event_state_style_0,dev,dev,dev,Liam,Clara,carry,carried,,causal,preserved,,,True,True,False,True,False,False,False,False
event_state_style_0_011__counterfactual,event_state_style_0_011,counterfactual,"Because the vase was fragile, Liam dropped it.",event_state,event_state_style_0,dev,dev,dev,Liam,Clara,carry,dropped,,causal,preserved,,,True,True,False,True,False,False,False,False
event_state_style_0_012__base,event_state_style_0_012,base,Maya carried the box because it was fragile.,event_state,event_state_style_0,dev,dev,dev,Maya,Diego,carry,carried,,causal,preserved,,,True,True,False,True,False,False,False,False
event_state_style_0_012__paraphrase,event_state_style_0_012,paraphrase,"Because the box was fragile, Maya transported it.",event_state,event_state_style_0,dev,dev,dev,Maya,Diego,carry,carried,,causal,preserved,,,True,True,False,True,False,False,False,False
event_state_style_0_012__counterfactual,event_state_style_0_012,counterfactual,"Because the box was fragile, Maya dropped it.",event_state,event_state_style_0,dev,dev,dev,Maya,Diego,carry,dropped,,causal,preserved,,,True,True,False,True,False,False,False,False
event_state_style_0_013__base,event_state_style_0_013,base,Noah carried the plate because it was fragile.,event_state,event_state_style_0,dev,dev,dev,Noah,Elena,carry,carried,,causal,preserved,,,True,True,False,True,False,False,False,False
event_state_style_0_013__paraphrase,event_state_style_0_013,paraphrase,"Because the plate was fragile, Noah transported it.",event_state,event_state_style_0,dev,dev,dev,Noah,Elena,carry,carried,,causal,preserved,,,True,True,False,True,False,False,False,False
event_state_style_0_013__counterfactual,event_state_style_0_013,counterfactual,"Because the plate was fragile, Noah dropped it.",event_state,event_state_style_0,dev,dev,dev,Noah,Elena,carry,dropped,,causal,preserved,,,True,True,False,True,False,False,False,False
event_state_style_0_014__base,event_state_style_0_014,base,Priya carried the lantern because it was fragile.,event_state,event_state_style_0,test_entity,dev,test,Priya,Victor,carry,carried,,causal,preserved,,,False,False,False,True,False,False,False,False
event_state_style_0_014__paraphrase,event_state_style_0_014,paraphrase,"Because the lantern was fragile, Priya transported it.",event_state,event_state_style_0,test_entity,dev,test,Priya,Victor,carry,carried,,causal,preserved,,,False,False,False,True,False,False,False,False
event_state_style_0_014__counterfactual,event_state_style_0_014,counterfactual,"Because the lantern was fragile, Priya dropped it.",event_state,event_state_style_0,test_entity,dev,test,Priya,Victor,carry,dropped,,causal,preserved,,,False,False,False,True,False,False,False,False
event_state_style_0_015__base,event_state_style_0_015,base,Owen carried the glass because it was fragile.,event_state,event_state_style_0,test_entity,dev,test,Owen,Priya,carry,carried,,causal,preserved,,,False,False,False,True,False,False,False,False
event_state_style_0_015__paraphrase,event_state_style_0_015,paraphrase,"Because the glass was fragile, Owen transported it.",event_state,event_state_style_0,test_entity,dev,test,Owen,Priya,carry,carried,,causal,preserved,,,False,False,False,True,False,False,False,False
event_state_style_0_015__counterfactual,event_state_style_0_015,counterfactual,"Because the glass was fragile, Owen dropped it.",event_state,event_state_style_0,test_entity,dev,test,Owen,Priya,carry,dropped,,causal,preserved,,,False,False,False,True,False,False,False,False
event_state_style_0_016__base,event_state_style_0_016,base,Rosa carried the vase because it was fragile.,event_state,event_state_style_0,test_entity,dev,test,Rosa,Owen,carry,carried,,causal,preserved,,,False,False,False,True,False,False,False,False
event_state_style_0_016__paraphrase,event_state_style_0_016,paraphrase,"Because the vase was fragile, Rosa transported it.",event_state,event_state_style_0,test_entity,dev,test,Rosa,Owen,carry,carried,,causal,preserved,,,False,False,False,True,False,False,False,False
event_state_style_0_016__counterfactual,event_state_style_0_016,counterfactual,"Because the vase was fragile, Rosa dropped it.",event_state,event_state_style_0,test_entity,dev,test,Rosa,Owen,carry,dropped,,causal,preserved,,,False,False,False,True,False,False,False,False
event_state_style_0_017__base,event_state_style_0_017,base,Theo carried the box because it was fragile.,event_state,event_state_style_0,test_entity,dev,test,Theo,Rosa,carry,carried,,causal,preserved,,,False,False,False,True,False,False,False,False
event_state_style_0_017__paraphrase,event_state_style_0_017,paraphrase,"Because the box was fragile, Theo transported it.",event_state,event_state_style_0,test_entity,dev,test,Theo,Rosa,carry,carried,,causal,preserved,,,False,False,False,True,False,False,False,False
event_state_style_0_017__counterfactual,event_state_style_0_017,counterfactual,"Because the box was fragile, Theo dropped it.",event_state,event_state_style_0,test_entity,dev,test,Theo,Rosa,carry,dropped,,causal,preserved,,,False,False,False,True,False,False,False,False
event_state_style_0_018__base,event_state_style_0_018,base,Uma carried the plate because it was fragile.,event_state,event_state_style_0,test_entity,dev,test,Uma,Theo,carry,carried,,causal,preserved,,,False,False,False,True,False,False,False,False
event_state_style_0_018__paraphrase,event_state_style_0_018,paraphrase,"Because the plate was fragile, Uma transported it.",event_state,event_state_style_0,test_entity,dev,test,Uma,Theo,carry,carried,,causal,preserved,,,False,False,False,True,False,False,False,False
event_state_style_0_018__counterfactual,event_state_style_0_018,counterfactual,"Because the plate was fragile, Uma dropped it.",event_state,event_state_style_0,test_entity,dev,test,Uma,Theo,carry,dropped,,causal,preserved,,,False,False,False,True,False,False,False,False
event_state_style_0_019__base,event_state_style_0_019,base,Victor carried the lantern because it was fragile.,event_state,event_state_style_0,test_entity,dev,test,Victor,Uma,carry,carried,,causal,preserved,,,False,False,False,True,False,False,False,False
event_state_style_0_019__paraphrase,event_state_style_0_019,paraphrase,"Because the lantern was fragile, Victor transported it.",event_state,event_state_style_0,test_entity,dev,test,Victor,Uma,carry,carried,,causal,preserved,,,False,False,False,True,False,False,False,False
event_state_style_0_019__counterfactual,event_state_style_0_019,counterfactual,"Because the lantern was fragile, Victor dropped it.",event_state,event_state_style_0,test_entity,dev,test,Victor,Uma,carry,dropped,,causal,preserved,,,False,False,False,True,False,False,False,False
event_state_style_1_000__base,event_state_style_1_000,base,Ava carried the vase because it was fragile.,event_state,event_state_style_1,dev,dev,dev,Ava,Farid,carry,carried,,causal,preserved,,,True,True,False,True,False,False,False,False
event_state_style_1_000__paraphrase,event_state_style_1_000,paraphrase,"Because the vase was fragile, Ava transported it.",event_state,event_state_style_1,dev,dev,dev,Ava,Farid,carry,carried,,causal,preserved,,,True,True,False,True,False,False,False,False
event_state_style_1_000__counterfactual,event_state_style_1_000,counterfactual,"Because the vase was fragile, Ava dropped it.",event_state,event_state_style_1,dev,dev,dev,Ava,Farid,carry,dropped,,causal,preserved,,,True,True,False,True,False,False,False,False
event_state_style_1_001__base,event_state_style_1_001,base,Ben carried the box because it was fragile.,event_state,event_state_style_1,dev,dev,dev,Ben,Grace,carry,carried,,causal,preserved,,,True,True,False,True,False,False,False,False
event_state_style_1_001__paraphrase,event_state_style_1_001,paraphrase,"Because the box was fragile, Ben transported it.",event_state,event_state_style_1,dev,dev,dev,Ben,Grace,carry,carried,,causal,preserved,,,True,True,False,True,False,False,False,False
event_state_style_1_001__counterfactual,event_state_style_1_001,counterfactual,"Because the box was fragile, Ben dropped it.",event_state,event_state_style_1,dev,dev,dev,Ben,Grace,carry,dropped,,causal,preserved,,,True,True,False,True,False,False,False,False
event_state_style_1_002__base,event_state_style_1_002,base,Clara carried the plate because it was fragile.,event_state,event_state_style_1,dev,dev,dev,Clara,Hugo,carry,carried,,causal,preserved,,,True,True,False,True,False,False,False,False
event_state_style_1_002__paraphrase,event_state_style_1_002,paraphrase,"Because the plate was fragile, Clara transported it.",event_state,event_state_style_1,dev,dev,dev,Clara,Hugo,carry,carried,,causal,preserved,,,True,True,False,True,False,False,False,False
event_state_style_1_002__counterfactual,event_state_style_1_002,counterfactual,"Because the plate was fragile, Clara dropped it.",event_state,event_state_style_1,dev,dev,dev,Clara,Hugo,carry,dropped,,causal,preserved,,,True,True,False,True,False,False,False,False
event_state_style_1_003__base,event_state_style_1_003,base,Diego carried the lantern because it was fragile.,event_state,event_state_style_1,dev,dev,dev,Diego,Inez,carry,carried,,causal,preserved,,,True,True,False,True,False,False,False,False
event_state_style_1_003__paraphrase,event_state_style_1_003,paraphrase,"Because the lantern was fragile, Diego transported it.",event_state,event_state_style_1,dev,dev,dev,Diego,Inez,carry,carried,,causal,preserved,,,True,True,False,True,False,False,False,False
event_state_style_1_003__counterfactual,event_state_style_1_003,counterfactual,"Because the lantern was fragile, Diego dropped it.",event_state,event_state_style_1,dev,dev,dev,Diego,Inez,carry,dropped,,causal,preserved,,,True,True,False,True,False,False,False,False
event_state_style_1_004__base,event_state_style_1_004,base,Elena carried the glass because it was fragile.,event_state,event_state_style_1,dev,dev,dev,Elena,Jonah,carry,carried,,causal,preserved,,,True,True,False,True,False,False,False,False
event_state_style_1_004__paraphrase,event_state_style_1_004,paraphrase,"Because the glass was fragile, Elena transported it.",event_state,event_state_style_1,dev,dev,dev,Elena,Jonah,carry,carried,,causal,preserved,,,True,True,False,True,False,False,False,False
event_state_style_1_004__counterfactual,event_state_style_1_004,counterfactual,"Because the glass was fragile, Elena dropped it.",event_state,event_state_style_1,dev,dev,dev,Elena,Jonah,carry,dropped,,causal,preserved,,,True,True,False,True,False,False,False,False
event_state_style_1_005__base,event_state_style_1_005,base,Farid carried the vase because it was fragile.,event_state,event_state_style_1,dev,dev,dev,Farid,Keira,carry,carried,,causal,preserved,,,True,True,False,True,False,False,False,False
event_state_style_1_005__paraphrase,event_state_style_1_005,paraphrase,"Because the vase was fragile, Farid transported it.",event_state,event_state_style_1,dev,dev,dev,Farid,Keira,carry,carried,,causal,preserved,,,True,True,False,True,False,False,False,False
event_state_style_1_005__counterfactual,event_state_style_1_005,counterfactual,"Because the vase was fragile, Farid dropped it.",event_state,event_state_style_1,dev,dev,dev,Farid,Keira,carry,dropped,,causal,preserved,,,True,True,False,True,False,False,False,False
event_state_style_1_006__base,event_state_style_1_006,base,Grace carried the box because it was fragile.,event_state,event_state_style_1,dev,dev,dev,Grace,Liam,carry,carried,,causal,preserved,,,True,True,False,True,False,False,False,False
event_state_style_1_006__paraphrase,event_state_style_1_006,paraphrase,"Because the box was fragile, Grace transported it.",event_state,event_state_style_1,dev,dev,dev,Grace,Liam,carry,carried,,causal,preserved,,,True,True,False,True,False,False,False,False
event_state_style_1_006__counterfactual,event_state_style_1_006,counterfactual,"Because the box was fragile, Grace dropped it.",event_state,event_state_style_1,dev,dev,dev,Grace,Liam,carry,dropped,,causal,preserved,,,True,True,False,True,False,False,False,False
event_state_style_1_007__base,event_state_style_1_007,base,Hugo carried the plate because it was fragile.,event_state,event_state_style_1,dev,dev,dev,Hugo,Maya,carry,carried,,causal,preserved,,,True,True,False,True,False,False,False,False
event_state_style_1_007__paraphrase,event_state_style_1_007,paraphrase,"Because the plate was fragile, Hugo transported it.",event_state,event_state_style_1,dev,dev,dev,Hugo,Maya,carry,carried,,causal,preserved,,,True,True,False,True,False,False,False,False
event_state_style_1_007__counterfactual,event_state_style_1_007,counterfactual,"Because the plate was fragile, Hugo dropped it.",event_state,event_state_style_1,dev,dev,dev,Hugo,Maya,carry,dropped,,causal,preserved,,,True,True,False,True,False,False,False,False
event_state_style_1_008__base,event_state_style_1_008,base,Inez carried the lantern because it was fragile.,event_state,event_state_style_1,dev,dev,dev,Inez,Noah,carry,carried,,causal,preserved,,,True,True,False,True,False,False,False,False
event_state_style_1_008__paraphrase,event_state_style_1_008,paraphrase,"Because the lantern was fragile, Inez transported it.",event_state,event_state_style_1,dev,dev,dev,Inez,Noah,carry,carried,,causal,preserved,,,True,True,False,True,False,False,False,False
event_state_style_1_008__counterfactual,event_state_style_1_008,counterfactual,"Because the lantern was fragile, Inez dropped it.",event_state,event_state_style_1,dev,dev,dev,Inez,Noah,carry,dropped,,causal,preserved,,,True,True,False,True,False,False,False,False
event_state_style_1_009__base,event_state_style_1_009,base,Jonah carried the glass because it was fragile.,event_state,event_state_style_1,dev,dev,dev,Jonah,Ava,carry,carried,,causal,preserved,,,True,True,False,True,False,False,False,False
event_state_style_1_009__paraphrase,event_state_style_1_009,paraphrase,"Because the glass was fragile, Jonah transported it.",event_state,event_state_style_1,dev,dev,dev,Jonah,Ava,carry,carried,,causal,preserved,,,True,True,False,True,False,False,False,False
event_state_style_1_009__counterfactual,event_state_style_1_009,counterfactual,"Because the glass was fragile, Jonah dropped it.",event_state,event_state_style_1,dev,dev,dev,Jonah,Ava,carry,dropped,,causal,preserved,,,True,True,False,True,False,False,False,False
event_state_style_1_010__base,event_state_style_1_010,base,Keira carried the vase because it was fragile.,event_state,event_state_style_1,dev,dev,dev,Keira,Ben,carry,carried,,causal,preserved,,,True,True,False,True,False,False,False,False
event_state_style_1_010__paraphrase,event_state_style_1_010,paraphrase,"Because the vase was fragile, Keira transported it.",event_state,event_state_style_1,dev,dev,dev,Keira,Ben,carry,carried,,causal,preserved,,,True,True,False,True,False,False,False,False
event_state_style_1_010__counterfactual,event_state_style_1_010,counterfactual,"Because the vase was fragile, Keira dropped it.",event_state,event_state_style_1,dev,dev,dev,Keira,Ben,carry,dropped,,causal,preserved,,,True,True,False,True,False,False,False,False
event_state_style_1_011__base,event_state_style_1_011,base,Liam carried the box because it was fragile.,event_state,event_state_style_1,dev,dev,dev,Liam,Clara,carry,carried,,causal,preserved,,,True,True,False,True,False,False,False,False
event_state_style_1_011__paraphrase,event_state_style_1_011,paraphrase,"Because the box was fragile, Liam transported it.",event_state,event_state_style_1,dev,dev,dev,Liam,Clara,carry,carried,,causal,preserved,,,True,True,False,True,False,False,False,False
event_state_style_1_011__counterfactual,event_state_style_1_011,counterfactual,"Because the box was fragile, Liam dropped it.",event_state,event_state_style_1,dev,dev,dev,Liam,Clara,carry,dropped,,causal,preserved,,,True,True,False,True,False,False,False,False
event_state_style_1_012__base,event_state_style_1_012,base,Maya carried the plate because it was fragile.,event_state,event_state_style_1,dev,dev,dev,Maya,Diego,carry,carried,,causal,preserved,,,True,True,False,True,False,False,False,False
event_state_style_1_012__paraphrase,event_state_style_1_012,paraphrase,"Because the plate was fragile, Maya transported it.",event_state,event_state_style_1,dev,dev,dev,Maya,Diego,carry,carried,,causal,preserved,,,True,True,False,True,False,False,False,False
event_state_style_1_012__counterfactual,event_state_style_1_012,counterfactual,"Because the plate was fragile, Maya dropped it.",event_state,event_state_style_1,dev,dev,dev,Maya,Diego,carry,dropped,,causal,preserved,,,True,True,False,True,False,False,False,False
event_state_style_1_013__base,event_state_style_1_013,base,Noah carried the lantern because it was fragile.,event_state,event_state_style_1,dev,dev,dev,Noah,Elena,carry,carried,,causal,preserved,,,True,True,False,True,False,False,False,False
event_state_style_1_013__paraphrase,event_state_style_1_013,paraphrase,"Because the lantern was fragile, Noah transported it.",event_state,event_state_style_1,dev,dev,dev,Noah,Elena,carry,carried,,causal,preserved,,,True,True,False,True,False,False,False,False
event_state_style_1_013__counterfactual,event_state_style_1_013,counterfactual,"Because the lantern was fragile, Noah dropped it.",event_state,event_state_style_1,dev,dev,dev,Noah,Elena,carry,dropped,,causal,preserved,,,True,True,False,True,False,False,False,False
event_state_style_1_014__base,event_state_style_1_014,base,Priya carried the glass because it was fragile.,event_state,event_state_style_1,test_entity,dev,test,Priya,Victor,carry,carried,,causal,preserved,,,False,False,False,True,False,False,False,False
event_state_style_1_014__paraphrase,event_state_style_1_014,paraphrase,"Because the glass was fragile, Priya transported it.",event_state,event_state_style_1,test_entity,dev,test,Priya,Victor,carry,carried,,causal,preserved,,,False,False,False,True,False,False,False,False
event_state_style_1_014__counterfactual,event_state_style_1_014,counterfactual,"Because the glass was fragile, Priya dropped it.",event_state,event_state_style_1,test_entity,dev,test,Priya,Victor,carry,dropped,,causal,preserved,,,False,False,False,True,False,False,False,False
event_state_style_1_015__base,event_state_style_1_015,base,Owen carried the vase because it was fragile.,event_state,event_state_style_1,test_entity,dev,test,Owen,Priya,carry,carried,,causal,preserved,,,False,False,False,True,False,False,False,False
event_state_style_1_015__paraphrase,event_state_style_1_015,paraphrase,"Because the vase was fragile, Owen transported it.",event_state,event_state_style_1,test_entity,dev,test,Owen,Priya,carry,carried,,causal,preserved,,,False,False,False,True,False,False,False,False
event_state_style_1_015__counterfactual,event_state_style_1_015,counterfactual,"Because the vase was fragile, Owen dropped it.",event_state,event_state_style_1,test_entity,dev,test,Owen,Priya,carry,dropped,,causal,preserved,,,False,False,False,True,False,False,False,False
event_state_style_1_016__base,event_state_style_1_016,base,Rosa carried the box because it was fragile.,event_state,event_state_style_1,test_entity,dev,test,Rosa,Owen,carry,carried,,causal,preserved,,,False,False,False,True,False,False,False,False
event_state_style_1_016__paraphrase,event_state_style_1_016,paraphrase,"Because the box was fragile, Rosa transported it.",event_state,event_state_style_1,test_entity,dev,test,Rosa,Owen,carry,carried,,causal,preserved,,,False,False,False,True,False,False,False,False
event_state_style_1_016__counterfactual,event_state_style_1_016,counterfactual,"Because the box was fragile, Rosa dropped it.",event_state,event_state_style_1,test_entity,dev,test,Rosa,Owen,carry,dropped,,causal,preserved,,,False,False,False,True,False,False,False,False
event_state_style_1_017__base,event_state_style_1_017,base,Theo carried the plate because it was fragile.,event_state,event_state_style_1,test_entity,dev,test,Theo,Rosa,carry,carried,,causal,preserved,,,False,False,False,True,False,False,False,False
event_state_style_1_017__paraphrase,event_state_style_1_017,paraphrase,"Because the plate was fragile, Theo transported it.",event_state,event_state_style_1,test_entity,dev,test,Theo,Rosa,carry,carried,,causal,preserved,,,False,False,False,True,False,False,False,False
event_state_style_1_017__counterfactual,event_state_style_1_017,counterfactual,"Because the plate was fragile, Theo dropped it.",event_state,event_state_style_1,test_entity,dev,test,Theo,Rosa,carry,dropped,,causal,preserved,,,False,False,False,True,False,False,False,False
event_state_style_1_018__base,event_state_style_1_018,base,Uma carried the lantern because it was fragile.,event_state,event_state_style_1,test_entity,dev,test,Uma,Theo,carry,carried,,causal,preserved,,,False,False,False,True,False,False,False,False
event_state_style_1_018__paraphrase,event_state_style_1_018,paraphrase,"Because the lantern was fragile, Uma transported it.",event_state,event_state_style_1,test_entity,dev,test,Uma,Theo,carry,carried,,causal,preserved,,,False,False,False,True,False,False,False,False
event_state_style_1_018__counterfactual,event_state_style_1_018,counterfactual,"Because the lantern was fragile, Uma dropped it.",event_state,event_state_style_1,test_entity,dev,test,Uma,Theo,carry,dropped,,causal,preserved,,,False,False,False,True,False,False,False,False
event_state_style_1_019__base,event_state_style_1_019,base,Victor carried the glass because it was fragile.,event_state,event_state_style_1,test_entity,dev,test,Victor,Uma,carry,carried,,causal,preserved,,,False,False,False,True,False,False,False,False
event_state_style_1_019__paraphrase,event_state_style_1_019,paraphrase,"Because the glass was fragile, Victor transported it.",event_state,event_state_style_1,test_entity,dev,test,Victor,Uma,carry,carried,,causal,preserved,,,False,False,False,True,False,False,False,False
event_state_style_1_019__counterfactual,event_state_style_1_019,counterfactual,"Because the glass was fragile, Victor dropped it.",event_state,event_state_style_1,test_entity,dev,test,Victor,Uma,carry,dropped,,causal,preserved,,,False,False,False,True,False,False,False,False
event_state_style_2_000__base,event_state_style_2_000,base,Ava carried the box because it was fragile.,event_state,event_state_style_2,test_template,test,dev,Ava,Farid,carry,carried,,causal,preserved,,,True,True,False,True,False,False,False,False
event_state_style_2_000__paraphrase,event_state_style_2_000,paraphrase,"Because the box was fragile, Ava transported it.",event_state,event_state_style_2,test_template,test,dev,Ava,Farid,carry,carried,,causal,preserved,,,True,True,False,True,False,False,False,False
event_state_style_2_000__counterfactual,event_state_style_2_000,counterfactual,"Because the box was fragile, Ava dropped it.",event_state,event_state_style_2,test_template,test,dev,Ava,Farid,carry,dropped,,causal,preserved,,,True,True,False,True,False,False,False,False
event_state_style_2_001__base,event_state_style_2_001,base,Ben carried the plate because it was fragile.,event_state,event_state_style_2,test_template,test,dev,Ben,Grace,carry,carried,,causal,preserved,,,True,True,False,True,False,False,False,False
event_state_style_2_001__paraphrase,event_state_style_2_001,paraphrase,"Because the plate was fragile, Ben transported it.",event_state,event_state_style_2,test_template,test,dev,Ben,Grace,carry,carried,,causal,preserved,,,True,True,False,True,False,False,False,False
event_state_style_2_001__counterfactual,event_state_style_2_001,counterfactual,"Because the plate was fragile, Ben dropped it.",event_state,event_state_style_2,test_template,test,dev,Ben,Grace,carry,dropped,,causal,preserved,,,True,True,False,True,False,False,False,False
event_state_style_2_002__base,event_state_style_2_002,base,Clara carried the lantern because it was fragile.,event_state,event_state_style_2,test_template,test,dev,Clara,Hugo,carry,carried,,causal,preserved,,,True,True,False,True,False,False,False,False
event_state_style_2_002__paraphrase,event_state_style_2_002,paraphrase,"Because the lantern was fragile, Clara transported it.",event_state,event_state_style_2,test_template,test,dev,Clara,Hugo,carry,carried,,causal,preserved,,,True,True,False,True,False,False,False,False
event_state_style_2_002__counterfactual,event_state_style_2_002,counterfactual,"Because the lantern was fragile, Clara dropped it.",event_state,event_state_style_2,test_template,test,dev,Clara,Hugo,carry,dropped,,causal,preserved,,,True,True,False,True,False,False,False,False
event_state_style_2_003__base,event_state_style_2_003,base,Diego carried the glass because it was fragile.,event_state,event_state_style_2,test_template,test,dev,Diego,Inez,carry,carried,,causal,preserved,,,True,True,False,True,False,False,False,False
event_state_style_2_003__paraphrase,event_state_style_2_003,paraphrase,"Because the glass was fragile, Diego transported it.",event_state,event_state_style_2,test_template,test,dev,Diego,Inez,carry,carried,,causal,preserved,,,True,True,False,True,False,False,False,False
event_state_style_2_003__counterfactual,event_state_style_2_003,counterfactual,"Because the glass was fragile, Diego dropped it.",event_state,event_state_style_2,test_template,test,dev,Diego,Inez,carry,dropped,,causal,preserved,,,True,True,False,True,False,False,False,False
event_state_style_2_004__base,event_state_style_2_004,base,Elena carried the vase because it was fragile.,event_state,event_state_style_2,test_template,test,dev,Elena,Jonah,carry,carried,,causal,preserved,,,True,True,False,True,False,False,False,False
event_state_style_2_004__paraphrase,event_state_style_2_004,paraphrase,"Because the vase was fragile, Elena transported it.",event_state,event_state_style_2,test_template,test,dev,Elena,Jonah,carry,carried,,causal,preserved,,,True,True,False,True,False,False,False,False
event_state_style_2_004__counterfactual,event_state_style_2_004,counterfactual,"Because the vase was fragile, Elena dropped it.",event_state,event_state_style_2,test_template,test,dev,Elena,Jonah,carry,dropped,,causal,preserved,,,True,True,False,True,False,False,False,False
event_state_style_2_005__base,event_state_style_2_005,base,Farid carried the box because it was fragile.,event_state,event_state_style_2,test_template,test,dev,Farid,Keira,carry,carried,,causal,preserved,,,True,True,False,True,False,False,False,False
event_state_style_2_005__paraphrase,event_state_style_2_005,paraphrase,"Because the box was fragile, Farid transported it.",event_state,event_state_style_2,test_template,test,dev,Farid,Keira,carry,carried,,causal,preserved,,,True,True,False,True,False,False,False,False
event_state_style_2_005__counterfactual,event_state_style_2_005,counterfactual,"Because the box was fragile, Farid dropped it.",event_state,event_state_style_2,test_template,test,dev,Farid,Keira,carry,dropped,,causal,preserved,,,True,True,False,True,False,False,False,False
event_state_style_2_006__base,event_state_style_2_006,base,Grace carried the plate because it was fragile.,event_state,event_state_style_2,test_template,test,dev,Grace,Liam,carry,carried,,causal,preserved,,,True,True,False,True,False,False,False,False
event_state_style_2_006__paraphrase,event_state_style_2_006,paraphrase,"Because the plate was fragile, Grace transported it.",event_state,event_state_style_2,test_template,test,dev,Grace,Liam,carry,carried,,causal,preserved,,,True,True,False,True,False,False,False,False
event_state_style_2_006__counterfactual,event_state_style_2_006,counterfactual,"Because the plate was fragile, Grace dropped it.",event_state,event_state_style_2,test_template,test,dev,Grace,Liam,carry,dropped,,causal,preserved,,,True,True,False,True,False,False,False,False
event_state_style_2_007__base,event_state_style_2_007,base,Hugo carried the lantern because it was fragile.,event_state,event_state_style_2,test_template,test,dev,Hugo,Maya,carry,carried,,causal,preserved,,,True,True,False,True,False,False,False,False
event_state_style_2_007__paraphrase,event_state_style_2_007,paraphrase,"Because the lantern was fragile, Hugo transported it.",event_state,event_state_style_2,test_template,test,dev,Hugo,Maya,carry,carried,,causal,preserved,,,True,True,False,True,False,False,False,False
event_state_style_2_007__counterfactual,event_state_style_2_007,counterfactual,"Because the lantern was fragile, Hugo dropped it.",event_state,event_state_style_2,test_template,test,dev,Hugo,Maya,carry,dropped,,causal,preserved,,,True,True,False,True,False,False,False,False
event_state_style_2_008__base,event_state_style_2_008,base,Inez carried the glass because it was fragile.,event_state,event_state_style_2,test_template,test,dev,Inez,Noah,carry,carried,,causal,preserved,,,True,True,False,True,False,False,False,False
event_state_style_2_008__paraphrase,event_state_style_2_008,paraphrase,"Because the glass was fragile, Inez transported it.",event_state,event_state_style_2,test_template,test,dev,Inez,Noah,carry,carried,,causal,preserved,,,True,True,False,True,False,False,False,False
event_state_style_2_008__counterfactual,event_state_style_2_008,counterfactual,"Because the glass was fragile, Inez dropped it.",event_state,event_state_style_2,test_template,test,dev,Inez,Noah,carry,dropped,,causal,preserved,,,True,True,False,True,False,False,False,False
event_state_style_2_009__base,event_state_style_2_009,base,Jonah carried the vase because it was fragile.,event_state,event_state_style_2,test_template,test,dev,Jonah,Ava,carry,carried,,causal,preserved,,,True,True,False,True,False,False,False,False
event_state_style_2_009__paraphrase,event_state_style_2_009,paraphrase,"Because the vase was fragile, Jonah transported it.",event_state,event_state_style_2,test_template,test,dev,Jonah,Ava,carry,carried,,causal,preserved,,,True,True,False,True,False,False,False,False
event_state_style_2_009__counterfactual,event_state_style_2_009,counterfactual,"Because the vase was fragile, Jonah dropped it.",event_state,event_state_style_2,test_template,test,dev,Jonah,Ava,carry,dropped,,causal,preserved,,,True,True,False,True,False,False,False,False
event_state_style_2_010__base,event_state_style_2_010,base,Keira carried the box because it was fragile.,event_state,event_state_style_2,test_template,test,dev,Keira,Ben,carry,carried,,causal,preserved,,,True,True,False,True,False,False,False,False
event_state_style_2_010__paraphrase,event_state_style_2_010,paraphrase,"Because the box was fragile, Keira transported it.",event_state,event_state_style_2,test_template,test,dev,Keira,Ben,carry,carried,,causal,preserved,,,True,True,False,True,False,False,False,False
event_state_style_2_010__counterfactual,event_state_style_2_010,counterfactual,"Because the box was fragile, Keira dropped it.",event_state,event_state_style_2,test_template,test,dev,Keira,Ben,carry,dropped,,causal,preserved,,,True,True,False,True,False,False,False,False
event_state_style_2_011__base,event_state_style_2_011,base,Liam carried the plate because it was fragile.,event_state,event_state_style_2,test_template,test,dev,Liam,Clara,carry,carried,,causal,preserved,,,True,True,False,True,False,False,False,False
event_state_style_2_011__paraphrase,event_state_style_2_011,paraphrase,"Because the plate was fragile, Liam transported it.",event_state,event_state_style_2,test_template,test,dev,Liam,Clara,carry,carried,,causal,preserved,,,True,True,False,True,False,False,False,False
event_state_style_2_011__counterfactual,event_state_style_2_011,counterfactual,"Because the plate was fragile, Liam dropped it.",event_state,event_state_style_2,test_template,test,dev,Liam,Clara,carry,dropped,,causal,preserved,,,True,True,False,True,False,False,False,False
event_state_style_2_012__base,event_state_style_2_012,base,Maya carried the lantern because it was fragile.,event_state,event_state_style_2,test_template,test,dev,Maya,Diego,carry,carried,,causal,preserved,,,True,True,False,True,False,False,False,False
event_state_style_2_012__paraphrase,event_state_style_2_012,paraphrase,"Because the lantern was fragile, Maya transported it.",event_state,event_state_style_2,test_template,test,dev,Maya,Diego,carry,carried,,causal,preserved,,,True,True,False,True,False,False,False,False
event_state_style_2_012__counterfactual,event_state_style_2_012,counterfactual,"Because the lantern was fragile, Maya dropped it.",event_state,event_state_style_2,test_template,test,dev,Maya,Diego,carry,dropped,,causal,preserved,,,True,True,False,True,False,False,False,False
event_state_style_2_013__base,event_state_style_2_013,base,Noah carried the glass because it was fragile.,event_state,event_state_style_2,test_template,test,dev,Noah,Elena,carry,carried,,causal,preserved,,,True,True,False,True,False,False,False,False
event_state_style_2_013__paraphrase,event_state_style_2_013,paraphrase,"Because the glass was fragile, Noah transported it.",event_state,event_state_style_2,test_template,test,dev,Noah,Elena,carry,carried,,causal,preserved,,,True,True,False,True,False,False,False,False
event_state_style_2_013__counterfactual,event_state_style_2_013,counterfactual,"Because the glass was fragile, Noah dropped it.",event_state,event_state_style_2,test_template,test,dev,Noah,Elena,carry,dropped,,causal,preserved,,,True,True,False,True,False,False,False,False
event_state_style_2_014__base,event_state_style_2_014,base,Priya carried the vase because it was fragile.,event_state,event_state_style_2,test_both,test,test,Priya,Victor,carry,carried,,causal,preserved,,,False,False,False,True,False,False,False,False
event_state_style_2_014__paraphrase,event_state_style_2_014,paraphrase,"Because the vase was fragile, Priya transported it.",event_state,event_state_style_2,test_both,test,test,Priya,Victor,carry,carried,,causal,preserved,,,False,False,False,True,False,False,False,False
event_state_style_2_014__counterfactual,event_state_style_2_014,counterfactual,"Because the vase was fragile, Priya dropped it.",event_state,event_state_style_2,test_both,test,test,Priya,Victor,carry,dropped,,causal,preserved,,,False,False,False,True,False,False,False,False
event_state_style_2_015__base,event_state_style_2_015,base,Owen carried the box because it was fragile.,event_state,event_state_style_2,test_both,test,test,Owen,Priya,carry,carried,,causal,preserved,,,False,False,False,True,False,False,False,False
event_state_style_2_015__paraphrase,event_state_style_2_015,paraphrase,"Because the box was fragile, Owen transported it.",event_state,event_state_style_2,test_both,test,test,Owen,Priya,carry,carried,,causal,preserved,,,False,False,False,True,False,False,False,False
event_state_style_2_015__counterfactual,event_state_style_2_015,counterfactual,"Because the box was fragile, Owen dropped it.",event_state,event_state_style_2,test_both,test,test,Owen,Priya,carry,dropped,,causal,preserved,,,False,False,False,True,False,False,False,False
event_state_style_2_016__base,event_state_style_2_016,base,Rosa carried the plate because it was fragile.,event_state,event_state_style_2,test_both,test,test,Rosa,Owen,carry,carried,,causal,preserved,,,False,False,False,True,False,False,False,False
event_state_style_2_016__paraphrase,event_state_style_2_016,paraphrase,"Because the plate was fragile, Rosa transported it.",event_state,event_state_style_2,test_both,test,test,Rosa,Owen,carry,carried,,causal,preserved,,,False,False,False,True,False,False,False,False
event_state_style_2_016__counterfactual,event_state_style_2_016,counterfactual,"Because the plate was fragile, Rosa dropped it.",event_state,event_state_style_2,test_both,test,test,Rosa,Owen,carry,dropped,,causal,preserved,,,False,False,False,True,False,False,False,False
event_state_style_2_017__base,event_state_style_2_017,base,Theo carried the lantern because it was fragile.,event_state,event_state_style_2,test_both,test,test,Theo,Rosa,carry,carried,,causal,preserved,,,False,False,False,True,False,False,False,False
event_state_style_2_017__paraphrase,event_state_style_2_017,paraphrase,"Because the lantern was fragile, Theo transported it.",event_state,event_state_style_2,test_both,test,test,Theo,Rosa,carry,carried,,causal,preserved,,,False,False,False,True,False,False,False,False
event_state_style_2_017__counterfactual,event_state_style_2_017,counterfactual,"Because the lantern was fragile, Theo dropped it.",event_state,event_state_style_2,test_both,test,test,Theo,Rosa,carry,dropped,,causal,preserved,,,False,False,False,True,False,False,False,False
event_state_style_2_018__base,event_state_style_2_018,base,Uma carried the glass because it was fragile.,event_state,event_state_style_2,test_both,test,test,Uma,Theo,carry,carried,,causal,preserved,,,False,False,False,True,False,False,False,False
event_state_style_2_018__paraphrase,event_state_style_2_018,paraphrase,"Because the glass was fragile, Uma transported it.",event_state,event_state_style_2,test_both,test,test,Uma,Theo,carry,carried,,causal,preserved,,,False,False,False,True,False,False,False,False
event_state_style_2_018__counterfactual,event_state_style_2_018,counterfactual,"Because the glass was fragile, Uma dropped it.",event_state,event_state_style_2,test_both,test,test,Uma,Theo,carry,dropped,,causal,preserved,,,False,False,False,True,False,False,False,False
event_state_style_2_019__base,event_state_style_2_019,base,Victor carried the vase because it was fragile.,event_state,event_state_style_2,test_both,test,test,Victor,Uma,carry,carried,,causal,preserved,,,False,False,False,True,False,False,False,False
event_state_style_2_019__paraphrase,event_state_style_2_019,paraphrase,"Because the vase was fragile, Victor transported it.",event_state,event_state_style_2,test_both,test,test,Victor,Uma,carry,carried,,causal,preserved,,,False,False,False,True,False,False,False,False
event_state_style_2_019__counterfactual,event_state_style_2_019,counterfactual,"Because the vase was fragile, Victor dropped it.",event_state,event_state_style_2,test_both,test,test,Victor,Uma,carry,dropped,,causal,preserved,,,False,False,False,True,False,False,False,False
polarity_style_0_000__base,polarity_style_0_000,base,Ava did repair the bike because it was broken.,polarity,polarity_style_0,dev,dev,dev,Ava,Farid,repair,,,causal,preserved,affirmative,,True,True,False,False,False,False,True,False
polarity_style_0_000__paraphrase,polarity_style_0_000,paraphrase,"Since the bike was broken, Ava did mend it.",polarity,polarity_style_0,dev,dev,dev,Ava,Farid,repair,,,causal,preserved,affirmative,,True,True,False,False,False,False,True,False
polarity_style_0_000__counterfactual,polarity_style_0_000,counterfactual,"Because the bike was broken, Ava did not fix it.",polarity,polarity_style_0,dev,dev,dev,Ava,Farid,repair,,,causal,preserved,negative,,True,True,False,False,False,False,True,False
polarity_style_0_001__base,polarity_style_0_001,base,Ben did repair the radio because it was broken.,polarity,polarity_style_0,dev,dev,dev,Ben,Grace,repair,,,causal,preserved,affirmative,,True,True,False,False,False,False,True,False
polarity_style_0_001__paraphrase,polarity_style_0_001,paraphrase,"Since the radio was broken, Ben did mend it.",polarity,polarity_style_0,dev,dev,dev,Ben,Grace,repair,,,causal,preserved,affirmative,,True,True,False,False,False,False,True,False
polarity_style_0_001__counterfactual,polarity_style_0_001,counterfactual,"Because the radio was broken, Ben did not fix it.",polarity,polarity_style_0,dev,dev,dev,Ben,Grace,repair,,,causal,preserved,negative,,True,True,False,False,False,False,True,False
polarity_style_0_002__base,polarity_style_0_002,base,Clara did repair the lamp because it was broken.,polarity,polarity_style_0,dev,dev,dev,Clara,Hugo,repair,,,causal,preserved,affirmative,,True,True,False,False,False,False,True,False
polarity_style_0_002__paraphrase,polarity_style_0_002,paraphrase,"Since the lamp was broken, Clara did mend it.",polarity,polarity_style_0,dev,dev,dev,Clara,Hugo,repair,,,causal,preserved,affirmative,,True,True,False,False,False,False,True,False
polarity_style_0_002__counterfactual,polarity_style_0_002,counterfactual,"Because the lamp was broken, Clara did not fix it.",polarity,polarity_style_0,dev,dev,dev,Clara,Hugo,repair,,,causal,preserved,negative,,True,True,False,False,False,False,True,False
polarity_style_0_003__base,polarity_style_0_003,base,Diego did repair the gate because it was broken.,polarity,polarity_style_0,dev,dev,dev,Diego,Inez,repair,,,causal,preserved,affirmative,,True,True,False,False,False,False,True,False
polarity_style_0_003__paraphrase,polarity_style_0_003,paraphrase,"Since the gate was broken, Diego did mend it.",polarity,polarity_style_0,dev,dev,dev,Diego,Inez,repair,,,causal,preserved,affirmative,,True,True,False,False,False,False,True,False
polarity_style_0_003__counterfactual,polarity_style_0_003,counterfactual,"Because the gate was broken, Diego did not fix it.",polarity,polarity_style_0,dev,dev,dev,Diego,Inez,repair,,,causal,preserved,negative,,True,True,False,False,False,False,True,False
polarity_style_0_004__base,polarity_style_0_004,base,Elena did repair the engine because it was broken.,polarity,polarity_style_0,dev,dev,dev,Elena,Jonah,repair,,,causal,preserved,affirmative,,True,True,False,False,False,False,True,False
polarity_style_0_004__paraphrase,polarity_style_0_004,paraphrase,"Since the engine was broken, Elena did mend it.",polarity,polarity_style_0,dev,dev,dev,Elena,Jonah,repair,,,causal,preserved,affirmative,,True,True,False,False,False,False,True,False
polarity_style_0_004__counterfactual,polarity_style_0_004,counterfactual,"Because the engine was broken, Elena did not fix it.",polarity,polarity_style_0,dev,dev,dev,Elena,Jonah,repair,,,causal,preserved,negative,,True,True,False,False,False,False,True,False
polarity_style_0_005__base,polarity_style_0_005,base,Farid did repair the bike because it was broken.,polarity,polarity_style_0,dev,dev,dev,Farid,Keira,repair,,,causal,preserved,affirmative,,True,True,False,False,False,False,True,False
polarity_style_0_005__paraphrase,polarity_style_0_005,paraphrase,"Since the bike was broken, Farid did mend it.",polarity,polarity_style_0,dev,dev,dev,Farid,Keira,repair,,,causal,preserved,affirmative,,True,True,False,False,False,False,True,False
polarity_style_0_005__counterfactual,polarity_style_0_005,counterfactual,"Because the bike was broken, Farid did not fix it.",polarity,polarity_style_0,dev,dev,dev,Farid,Keira,repair,,,causal,preserved,negative,,True,True,False,False,False,False,True,False
polarity_style_0_006__base,polarity_style_0_006,base,Grace did repair the radio because it was broken.,polarity,polarity_style_0,dev,dev,dev,Grace,Liam,repair,,,causal,preserved,affirmative,,True,True,False,False,False,False,True,False
polarity_style_0_006__paraphrase,polarity_style_0_006,paraphrase,"Since the radio was broken, Grace did mend it.",polarity,polarity_style_0,dev,dev,dev,Grace,Liam,repair,,,causal,preserved,affirmative,,True,True,False,False,False,False,True,False
polarity_style_0_006__counterfactual,polarity_style_0_006,counterfactual,"Because the radio was broken, Grace did not fix it.",polarity,polarity_style_0,dev,dev,dev,Grace,Liam,repair,,,causal,preserved,negative,,True,True,False,False,False,False,True,False
polarity_style_0_007__base,polarity_style_0_007,base,Hugo did repair the lamp because it was broken.,polarity,polarity_style_0,dev,dev,dev,Hugo,Maya,repair,,,causal,preserved,affirmative,,True,True,False,False,False,False,True,False
polarity_style_0_007__paraphrase,polarity_style_0_007,paraphrase,"Since the lamp was broken, Hugo did mend it.",polarity,polarity_style_0,dev,dev,dev,Hugo,Maya,repair,,,causal,preserved,affirmative,,True,True,False,False,False,False,True,False
polarity_style_0_007__counterfactual,polarity_style_0_007,counterfactual,"Because the lamp was broken, Hugo did not fix it.",polarity,polarity_style_0,dev,dev,dev,Hugo,Maya,repair,,,causal,preserved,negative,,True,True,False,False,False,False,True,False
polarity_style_0_008__base,polarity_style_0_008,base,Inez did repair the gate because it was broken.,polarity,polarity_style_0,dev,dev,dev,Inez,Noah,repair,,,causal,preserved,affirmative,,True,True,False,False,False,False,True,False
polarity_style_0_008__paraphrase,polarity_style_0_008,paraphrase,"Since the gate was broken, Inez did mend it.",polarity,polarity_style_0,dev,dev,dev,Inez,Noah,repair,,,causal,preserved,affirmative,,True,True,False,False,False,False,True,False
polarity_style_0_008__counterfactual,polarity_style_0_008,counterfactual,"Because the gate was broken, Inez did not fix it.",polarity,polarity_style_0,dev,dev,dev,Inez,Noah,repair,,,causal,preserved,negative,,True,True,False,False,False,False,True,False
polarity_style_0_009__base,polarity_style_0_009,base,Jonah did repair the engine because it was broken.,polarity,polarity_style_0,dev,dev,dev,Jonah,Ava,repair,,,causal,preserved,affirmative,,True,True,False,False,False,False,True,False
polarity_style_0_009__paraphrase,polarity_style_0_009,paraphrase,"Since the engine was broken, Jonah did mend it.",polarity,polarity_style_0,dev,dev,dev,Jonah,Ava,repair,,,causal,preserved,affirmative,,True,True,False,False,False,False,True,False
polarity_style_0_009__counterfactual,polarity_style_0_009,counterfactual,"Because the engine was broken, Jonah did not fix it.",polarity,polarity_style_0,dev,dev,dev,Jonah,Ava,repair,,,causal,preserved,negative,,True,True,False,False,False,False,True,False
polarity_style_0_010__base,polarity_style_0_010,base,Keira did repair the bike because it was broken.,polarity,polarity_style_0,dev,dev,dev,Keira,Ben,repair,,,causal,preserved,affirmative,,True,True,False,False,False,False,True,False
polarity_style_0_010__paraphrase,polarity_style_0_010,paraphrase,"Since the bike was broken, Keira did mend it.",polarity,polarity_style_0,dev,dev,dev,Keira,Ben,repair,,,causal,preserved,affirmative,,True,True,False,False,False,False,True,False
polarity_style_0_010__counterfactual,polarity_style_0_010,counterfactual,"Because the bike was broken, Keira did not fix it.",polarity,polarity_style_0,dev,dev,dev,Keira,Ben,repair,,,causal,preserved,negative,,True,True,False,False,False,False,True,False
polarity_style_0_011__base,polarity_style_0_011,base,Liam did repair the radio because it was broken.,polarity,polarity_style_0,dev,dev,dev,Liam,Clara,repair,,,causal,preserved,affirmative,,True,True,False,False,False,False,True,False
polarity_style_0_011__paraphrase,polarity_style_0_011,paraphrase,"Since the radio was broken, Liam did mend it.",polarity,polarity_style_0,dev,dev,dev,Liam,Clara,repair,,,causal,preserved,affirmative,,True,True,False,False,False,False,True,False
polarity_style_0_011__counterfactual,polarity_style_0_011,counterfactual,"Because the radio was broken, Liam did not fix it.",polarity,polarity_style_0,dev,dev,dev,Liam,Clara,repair,,,causal,preserved,negative,,True,True,False,False,False,False,True,False
polarity_style_0_012__base,polarity_style_0_012,base,Maya did repair the lamp because it was broken.,polarity,polarity_style_0,dev,dev,dev,Maya,Diego,repair,,,causal,preserved,affirmative,,True,True,False,False,False,False,True,False
polarity_style_0_012__paraphrase,polarity_style_0_012,paraphrase,"Since the lamp was broken, Maya did mend it.",polarity,polarity_style_0,dev,dev,dev,Maya,Diego,repair,,,causal,preserved,affirmative,,True,True,False,False,False,False,True,False
polarity_style_0_012__counterfactual,polarity_style_0_012,counterfactual,"Because the lamp was broken, Maya did not fix it.",polarity,polarity_style_0,dev,dev,dev,Maya,Diego,repair,,,causal,preserved,negative,,True,True,False,False,False,False,True,False
polarity_style_0_013__base,polarity_style_0_013,base,Noah did repair the gate because it was broken.,polarity,polarity_style_0,dev,dev,dev,Noah,Elena,repair,,,causal,preserved,affirmative,,True,True,False,False,False,False,True,False
polarity_style_0_013__paraphrase,polarity_style_0_013,paraphrase,"Since the gate was broken, Noah did mend it.",polarity,polarity_style_0,dev,dev,dev,Noah,Elena,repair,,,causal,preserved,affirmative,,True,True,False,False,False,False,True,False
polarity_style_0_013__counterfactual,polarity_style_0_013,counterfactual,"Because the gate was broken, Noah did not fix it.",polarity,polarity_style_0,dev,dev,dev,Noah,Elena,repair,,,causal,preserved,negative,,True,True,False,False,False,False,True,False
polarity_style_0_014__base,polarity_style_0_014,base,Priya did repair the engine because it was broken.,polarity,polarity_style_0,test_entity,dev,test,Priya,Victor,repair,,,causal,preserved,affirmative,,False,False,False,False,False,False,True,False
polarity_style_0_014__paraphrase,polarity_style_0_014,paraphrase,"Since the engine was broken, Priya did mend it.",polarity,polarity_style_0,test_entity,dev,test,Priya,Victor,repair,,,causal,preserved,affirmative,,False,False,False,False,False,False,True,False
polarity_style_0_014__counterfactual,polarity_style_0_014,counterfactual,"Because the engine was broken, Priya did not fix it.",polarity,polarity_style_0,test_entity,dev,test,Priya,Victor,repair,,,causal,preserved,negative,,False,False,False,False,False,False,True,False
polarity_style_0_015__base,polarity_style_0_015,base,Owen did repair the bike because it was broken.,polarity,polarity_style_0,test_entity,dev,test,Owen,Priya,repair,,,causal,preserved,affirmative,,False,False,False,False,False,False,True,False
polarity_style_0_015__paraphrase,polarity_style_0_015,paraphrase,"Since the bike was broken, Owen did mend it.",polarity,polarity_style_0,test_entity,dev,test,Owen,Priya,repair,,,causal,preserved,affirmative,,False,False,False,False,False,False,True,False
polarity_style_0_015__counterfactual,polarity_style_0_015,counterfactual,"Because the bike was broken, Owen did not fix it.",polarity,polarity_style_0,test_entity,dev,test,Owen,Priya,repair,,,causal,preserved,negative,,False,False,False,False,False,False,True,False
polarity_style_0_016__base,polarity_style_0_016,base,Rosa did repair the radio because it was broken.,polarity,polarity_style_0,test_entity,dev,test,Rosa,Owen,repair,,,causal,preserved,affirmative,,False,False,False,False,False,False,True,False
polarity_style_0_016__paraphrase,polarity_style_0_016,paraphrase,"Since the radio was broken, Rosa did mend it.",polarity,polarity_style_0,test_entity,dev,test,Rosa,Owen,repair,,,causal,preserved,affirmative,,False,False,False,False,False,False,True,False
polarity_style_0_016__counterfactual,polarity_style_0_016,counterfactual,"Because the radio was broken, Rosa did not fix it.",polarity,polarity_style_0,test_entity,dev,test,Rosa,Owen,repair,,,causal,preserved,negative,,False,False,False,False,False,False,True,False
polarity_style_0_017__base,polarity_style_0_017,base,Theo did repair the lamp because it was broken.,polarity,polarity_style_0,test_entity,dev,test,Theo,Rosa,repair,,,causal,preserved,affirmative,,False,False,False,False,False,False,True,False
polarity_style_0_017__paraphrase,polarity_style_0_017,paraphrase,"Since the lamp was broken, Theo did mend it.",polarity,polarity_style_0,test_entity,dev,test,Theo,Rosa,repair,,,causal,preserved,affirmative,,False,False,False,False,False,False,True,False
polarity_style_0_017__counterfactual,polarity_style_0_017,counterfactual,"Because the lamp was broken, Theo did not fix it.",polarity,polarity_style_0,test_entity,dev,test,Theo,Rosa,repair,,,causal,preserved,negative,,False,False,False,False,False,False,True,False
polarity_style_0_018__base,polarity_style_0_018,base,Uma did repair the gate because it was broken.,polarity,polarity_style_0,test_entity,dev,test,Uma,Theo,repair,,,causal,preserved,affirmative,,False,False,False,False,False,False,True,False
polarity_style_0_018__paraphrase,polarity_style_0_018,paraphrase,"Since the gate was broken, Uma did mend it.",polarity,polarity_style_0,test_entity,dev,test,Uma,Theo,repair,,,causal,preserved,affirmative,,False,False,False,False,False,False,True,False
polarity_style_0_018__counterfactual,polarity_style_0_018,counterfactual,"Because the gate was broken, Uma did not fix it.",polarity,polarity_style_0,test_entity,dev,test,Uma,Theo,repair,,,causal,preserved,negative,,False,False,False,False,False,False,True,False
polarity_style_0_019__base,polarity_style_0_019,base,Victor did repair the engine because it was broken.,polarity,polarity_style_0,test_entity,dev,test,Victor,Uma,repair,,,causal,preserved,affirmative,,False,False,False,False,False,False,True,False
polarity_style_0_019__paraphrase,polarity_style_0_019,paraphrase,"Since the engine was broken, Victor did mend it.",polarity,polarity_style_0,test_entity,dev,test,Victor,Uma,repair,,,causal,preserved,affirmative,,False,False,False,False,False,False,True,False
polarity_style_0_019__counterfactual,polarity_style_0_019,counterfactual,"Because the engine was broken, Victor did not fix it.",polarity,polarity_style_0,test_entity,dev,test,Victor,Uma,repair,,,causal,preserved,negative,,False,False,False,False,False,False,True,False
polarity_style_1_000__base,polarity_style_1_000,base,Ava did repair the radio because it was broken.,polarity,polarity_style_1,dev,dev,dev,Ava,Farid,repair,,,causal,preserved,affirmative,,True,True,False,False,False,False,True,False
polarity_style_1_000__paraphrase,polarity_style_1_000,paraphrase,"Since the radio was broken, Ava did mend it.",polarity,polarity_style_1,dev,dev,dev,Ava,Farid,repair,,,causal,preserved,affirmative,,True,True,False,False,False,False,True,False
polarity_style_1_000__counterfactual,polarity_style_1_000,counterfactual,"Because the radio was broken, Ava did not fix it.",polarity,polarity_style_1,dev,dev,dev,Ava,Farid,repair,,,causal,preserved,negative,,True,True,False,False,False,False,True,False
polarity_style_1_001__base,polarity_style_1_001,base,Ben did repair the lamp because it was broken.,polarity,polarity_style_1,dev,dev,dev,Ben,Grace,repair,,,causal,preserved,affirmative,,True,True,False,False,False,False,True,False
polarity_style_1_001__paraphrase,polarity_style_1_001,paraphrase,"Since the lamp was broken, Ben did mend it.",polarity,polarity_style_1,dev,dev,dev,Ben,Grace,repair,,,causal,preserved,affirmative,,True,True,False,False,False,False,True,False
polarity_style_1_001__counterfactual,polarity_style_1_001,counterfactual,"Because the lamp was broken, Ben did not fix it.",polarity,polarity_style_1,dev,dev,dev,Ben,Grace,repair,,,causal,preserved,negative,,True,True,False,False,False,False,True,False
polarity_style_1_002__base,polarity_style_1_002,base,Clara did repair the gate because it was broken.,polarity,polarity_style_1,dev,dev,dev,Clara,Hugo,repair,,,causal,preserved,affirmative,,True,True,False,False,False,False,True,False
polarity_style_1_002__paraphrase,polarity_style_1_002,paraphrase,"Since the gate was broken, Clara did mend it.",polarity,polarity_style_1,dev,dev,dev,Clara,Hugo,repair,,,causal,preserved,affirmative,,True,True,False,False,False,False,True,False
polarity_style_1_002__counterfactual,polarity_style_1_002,counterfactual,"Because the gate was broken, Clara did not fix it.",polarity,polarity_style_1,dev,dev,dev,Clara,Hugo,repair,,,causal,preserved,negative,,True,True,False,False,False,False,True,False
polarity_style_1_003__base,polarity_style_1_003,base,Diego did repair the engine because it was broken.,polarity,polarity_style_1,dev,dev,dev,Diego,Inez,repair,,,causal,preserved,affirmative,,True,True,False,False,False,False,True,False
polarity_style_1_003__paraphrase,polarity_style_1_003,paraphrase,"Since the engine was broken, Diego did mend it.",polarity,polarity_style_1,dev,dev,dev,Diego,Inez,repair,,,causal,preserved,affirmative,,True,True,False,False,False,False,True,False
polarity_style_1_003__counterfactual,polarity_style_1_003,counterfactual,"Because the engine was broken, Diego did not fix it.",polarity,polarity_style_1,dev,dev,dev,Diego,Inez,repair,,,causal,preserved,negative,,True,True,False,False,False,False,True,False
polarity_style_1_004__base,polarity_style_1_004,base,Elena did repair the bike because it was broken.,polarity,polarity_style_1,dev,dev,dev,Elena,Jonah,repair,,,causal,preserved,affirmative,,True,True,False,False,False,False,True,False
polarity_style_1_004__paraphrase,polarity_style_1_004,paraphrase,"Since the bike was broken, Elena did mend it.",polarity,polarity_style_1,dev,dev,dev,Elena,Jonah,repair,,,causal,preserved,affirmative,,True,True,False,False,False,False,True,False
polarity_style_1_004__counterfactual,polarity_style_1_004,counterfactual,"Because the bike was broken, Elena did not fix it.",polarity,polarity_style_1,dev,dev,dev,Elena,Jonah,repair,,,causal,preserved,negative,,True,True,False,False,False,False,True,False
polarity_style_1_005__base,polarity_style_1_005,base,Farid did repair the radio because it was broken.,polarity,polarity_style_1,dev,dev,dev,Farid,Keira,repair,,,causal,preserved,affirmative,,True,True,False,False,False,False,True,False
polarity_style_1_005__paraphrase,polarity_style_1_005,paraphrase,"Since the radio was broken, Farid did mend it.",polarity,polarity_style_1,dev,dev,dev,Farid,Keira,repair,,,causal,preserved,affirmative,,True,True,False,False,False,False,True,False
polarity_style_1_005__counterfactual,polarity_style_1_005,counterfactual,"Because the radio was broken, Farid did not fix it.",polarity,polarity_style_1,dev,dev,dev,Farid,Keira,repair,,,causal,preserved,negative,,True,True,False,False,False,False,True,False
polarity_style_1_006__base,polarity_style_1_006,base,Grace did repair the lamp because it was broken.,polarity,polarity_style_1,dev,dev,dev,Grace,Liam,repair,,,causal,preserved,affirmative,,True,True,False,False,False,False,True,False
polarity_style_1_006__paraphrase,polarity_style_1_006,paraphrase,"Since the lamp was broken, Grace did mend it.",polarity,polarity_style_1,dev,dev,dev,Grace,Liam,repair,,,causal,preserved,affirmative,,True,True,False,False,False,False,True,False
polarity_style_1_006__counterfactual,polarity_style_1_006,counterfactual,"Because the lamp was broken, Grace did not fix it.",polarity,polarity_style_1,dev,dev,dev,Grace,Liam,repair,,,causal,preserved,negative,,True,True,False,False,False,False,True,False
polarity_style_1_007__base,polarity_style_1_007,base,Hugo did repair the gate because it was broken.,polarity,polarity_style_1,dev,dev,dev,Hugo,Maya,repair,,,causal,preserved,affirmative,,True,True,False,False,False,False,True,False
polarity_style_1_007__paraphrase,polarity_style_1_007,paraphrase,"Since the gate was broken, Hugo did mend it.",polarity,polarity_style_1,dev,dev,dev,Hugo,Maya,repair,,,causal,preserved,affirmative,,True,True,False,False,False,False,True,False
polarity_style_1_007__counterfactual,polarity_style_1_007,counterfactual,"Because the gate was broken, Hugo did not fix it.",polarity,polarity_style_1,dev,dev,dev,Hugo,Maya,repair,,,causal,preserved,negative,,True,True,False,False,False,False,True,False
polarity_style_1_008__base,polarity_style_1_008,base,Inez did repair the engine because it was broken.,polarity,polarity_style_1,dev,dev,dev,Inez,Noah,repair,,,causal,preserved,affirmative,,True,True,False,False,False,False,True,False
polarity_style_1_008__paraphrase,polarity_style_1_008,paraphrase,"Since the engine was broken, Inez did mend it.",polarity,polarity_style_1,dev,dev,dev,Inez,Noah,repair,,,causal,preserved,affirmative,,True,True,False,False,False,False,True,False
polarity_style_1_008__counterfactual,polarity_style_1_008,counterfactual,"Because the engine was broken, Inez did not fix it.",polarity,polarity_style_1,dev,dev,dev,Inez,Noah,repair,,,causal,preserved,negative,,True,True,False,False,False,False,True,False
polarity_style_1_009__base,polarity_style_1_009,base,Jonah did repair the bike because it was broken.,polarity,polarity_style_1,dev,dev,dev,Jonah,Ava,repair,,,causal,preserved,affirmative,,True,True,False,False,False,False,True,False
polarity_style_1_009__paraphrase,polarity_style_1_009,paraphrase,"Since the bike was broken, Jonah did mend it.",polarity,polarity_style_1,dev,dev,dev,Jonah,Ava,repair,,,causal,preserved,affirmative,,True,True,False,False,False,False,True,False
polarity_style_1_009__counterfactual,polarity_style_1_009,counterfactual,"Because the bike was broken, Jonah did not fix it.",polarity,polarity_style_1,dev,dev,dev,Jonah,Ava,repair,,,causal,preserved,negative,,True,True,False,False,False,False,True,False
polarity_style_1_010__base,polarity_style_1_010,base,Keira did repair the radio because it was broken.,polarity,polarity_style_1,dev,dev,dev,Keira,Ben,repair,,,causal,preserved,affirmative,,True,True,False,False,False,False,True,False
polarity_style_1_010__paraphrase,polarity_style_1_010,paraphrase,"Since the radio was broken, Keira did mend it.",polarity,polarity_style_1,dev,dev,dev,Keira,Ben,repair,,,causal,preserved,affirmative,,True,True,False,False,False,False,True,False
polarity_style_1_010__counterfactual,polarity_style_1_010,counterfactual,"Because the radio was broken, Keira did not fix it.",polarity,polarity_style_1,dev,dev,dev,Keira,Ben,repair,,,causal,preserved,negative,,True,True,False,False,False,False,True,False
polarity_style_1_011__base,polarity_style_1_011,base,Liam did repair the lamp because it was broken.,polarity,polarity_style_1,dev,dev,dev,Liam,Clara,repair,,,causal,preserved,affirmative,,True,True,False,False,False,False,True,False
polarity_style_1_011__paraphrase,polarity_style_1_011,paraphrase,"Since the lamp was broken, Liam did mend it.",polarity,polarity_style_1,dev,dev,dev,Liam,Clara,repair,,,causal,preserved,affirmative,,True,True,False,False,False,False,True,False
polarity_style_1_011__counterfactual,polarity_style_1_011,counterfactual,"Because the lamp was broken, Liam did not fix it.",polarity,polarity_style_1,dev,dev,dev,Liam,Clara,repair,,,causal,preserved,negative,,True,True,False,False,False,False,True,False
polarity_style_1_012__base,polarity_style_1_012,base,Maya did repair the gate because it was broken.,polarity,polarity_style_1,dev,dev,dev,Maya,Diego,repair,,,causal,preserved,affirmative,,True,True,False,False,False,False,True,False
polarity_style_1_012__paraphrase,polarity_style_1_012,paraphrase,"Since the gate was broken, Maya did mend it.",polarity,polarity_style_1,dev,dev,dev,Maya,Diego,repair,,,causal,preserved,affirmative,,True,True,False,False,False,False,True,False
polarity_style_1_012__counterfactual,polarity_style_1_012,counterfactual,"Because the gate was broken, Maya did not fix it.",polarity,polarity_style_1,dev,dev,dev,Maya,Diego,repair,,,causal,preserved,negative,,True,True,False,False,False,False,True,False
polarity_style_1_013__base,polarity_style_1_013,base,Noah did repair the engine because it was broken.,polarity,polarity_style_1,dev,dev,dev,Noah,Elena,repair,,,causal,preserved,affirmative,,True,True,False,False,False,False,True,False
polarity_style_1_013__paraphrase,polarity_style_1_013,paraphrase,"Since the engine was broken, Noah did mend it.",polarity,polarity_style_1,dev,dev,dev,Noah,Elena,repair,,,causal,preserved,affirmative,,True,True,False,False,False,False,True,False
polarity_style_1_013__counterfactual,polarity_style_1_013,counterfactual,"Because the engine was broken, Noah did not fix it.",polarity,polarity_style_1,dev,dev,dev,Noah,Elena,repair,,,causal,preserved,negative,,True,True,False,False,False,False,True,False
polarity_style_1_014__base,polarity_style_1_014,base,Priya did repair the bike because it was broken.,polarity,polarity_style_1,test_entity,dev,test,Priya,Victor,repair,,,causal,preserved,affirmative,,False,False,False,False,False,False,True,False
polarity_style_1_014__paraphrase,polarity_style_1_014,paraphrase,"Since the bike was broken, Priya did mend it.",polarity,polarity_style_1,test_entity,dev,test,Priya,Victor,repair,,,causal,preserved,affirmative,,False,False,False,False,False,False,True,False
polarity_style_1_014__counterfactual,polarity_style_1_014,counterfactual,"Because the bike was broken, Priya did not fix it.",polarity,polarity_style_1,test_entity,dev,test,Priya,Victor,repair,,,causal,preserved,negative,,False,False,False,False,False,False,True,False
polarity_style_1_015__base,polarity_style_1_015,base,Owen did repair the radio because it was broken.,polarity,polarity_style_1,test_entity,dev,test,Owen,Priya,repair,,,causal,preserved,affirmative,,False,False,False,False,False,False,True,False
polarity_style_1_015__paraphrase,polarity_style_1_015,paraphrase,"Since the radio was broken, Owen did mend it.",polarity,polarity_style_1,test_entity,dev,test,Owen,Priya,repair,,,causal,preserved,affirmative,,False,False,False,False,False,False,True,False
polarity_style_1_015__counterfactual,polarity_style_1_015,counterfactual,"Because the radio was broken, Owen did not fix it.",polarity,polarity_style_1,test_entity,dev,test,Owen,Priya,repair,,,causal,preserved,negative,,False,False,False,False,False,False,True,False
polarity_style_1_016__base,polarity_style_1_016,base,Rosa did repair the lamp because it was broken.,polarity,polarity_style_1,test_entity,dev,test,Rosa,Owen,repair,,,causal,preserved,affirmative,,False,False,False,False,False,False,True,False
polarity_style_1_016__paraphrase,polarity_style_1_016,paraphrase,"Since the lamp was broken, Rosa did mend it.",polarity,polarity_style_1,test_entity,dev,test,Rosa,Owen,repair,,,causal,preserved,affirmative,,False,False,False,False,False,False,True,False
polarity_style_1_016__counterfactual,polarity_style_1_016,counterfactual,"Because the lamp was broken, Rosa did not fix it.",polarity,polarity_style_1,test_entity,dev,test,Rosa,Owen,repair,,,causal,preserved,negative,,False,False,False,False,False,False,True,False
polarity_style_1_017__base,polarity_style_1_017,base,Theo did repair the gate because it was broken.,polarity,polarity_style_1,test_entity,dev,test,Theo,Rosa,repair,,,causal,preserved,affirmative,,False,False,False,False,False,False,True,False
polarity_style_1_017__paraphrase,polarity_style_1_017,paraphrase,"Since the gate was broken, Theo did mend it.",polarity,polarity_style_1,test_entity,dev,test,Theo,Rosa,repair,,,causal,preserved,affirmative,,False,False,False,False,False,False,True,False
polarity_style_1_017__counterfactual,polarity_style_1_017,counterfactual,"Because the gate was broken, Theo did not fix it.",polarity,polarity_style_1,test_entity,dev,test,Theo,Rosa,repair,,,causal,preserved,negative,,False,False,False,False,False,False,True,False
polarity_style_1_018__base,polarity_style_1_018,base,Uma did repair the engine because it was broken.,polarity,polarity_style_1,test_entity,dev,test,Uma,Theo,repair,,,causal,preserved,affirmative,,False,False,False,False,False,False,True,False
polarity_style_1_018__paraphrase,polarity_style_1_018,paraphrase,"Since the engine was broken, Uma did mend it.",polarity,polarity_style_1,test_entity,dev,test,Uma,Theo,repair,,,causal,preserved,affirmative,,False,False,False,False,False,False,True,False
polarity_style_1_018__counterfactual,polarity_style_1_018,counterfactual,"Because the engine was broken, Uma did not fix it.",polarity,polarity_style_1,test_entity,dev,test,Uma,Theo,repair,,,causal,preserved,negative,,False,False,False,False,False,False,True,False
polarity_style_1_019__base,polarity_style_1_019,base,Victor did repair the bike because it was broken.,polarity,polarity_style_1,test_entity,dev,test,Victor,Uma,repair,,,causal,preserved,affirmative,,False,False,False,False,False,False,True,False
polarity_style_1_019__paraphrase,polarity_style_1_019,paraphrase,"Since the bike was broken, Victor did mend it.",polarity,polarity_style_1,test_entity,dev,test,Victor,Uma,repair,,,causal,preserved,affirmative,,False,False,False,False,False,False,True,False
polarity_style_1_019__counterfactual,polarity_style_1_019,counterfactual,"Because the bike was broken, Victor did not fix it.",polarity,polarity_style_1,test_entity,dev,test,Victor,Uma,repair,,,causal,preserved,negative,,False,False,False,False,False,False,True,False
polarity_style_2_000__base,polarity_style_2_000,base,Ava did repair the lamp because it was broken.,polarity,polarity_style_2,test_template,test,dev,Ava,Farid,repair,,,causal,preserved,affirmative,,True,True,False,False,False,False,True,False
polarity_style_2_000__paraphrase,polarity_style_2_000,paraphrase,"Since the lamp was broken, Ava did mend it.",polarity,polarity_style_2,test_template,test,dev,Ava,Farid,repair,,,causal,preserved,affirmative,,True,True,False,False,False,False,True,False
polarity_style_2_000__counterfactual,polarity_style_2_000,counterfactual,"Because the lamp was broken, Ava did not fix it.",polarity,polarity_style_2,test_template,test,dev,Ava,Farid,repair,,,causal,preserved,negative,,True,True,False,False,False,False,True,False
polarity_style_2_001__base,polarity_style_2_001,base,Ben did repair the gate because it was broken.,polarity,polarity_style_2,test_template,test,dev,Ben,Grace,repair,,,causal,preserved,affirmative,,True,True,False,False,False,False,True,False
polarity_style_2_001__paraphrase,polarity_style_2_001,paraphrase,"Since the gate was broken, Ben did mend it.",polarity,polarity_style_2,test_template,test,dev,Ben,Grace,repair,,,causal,preserved,affirmative,,True,True,False,False,False,False,True,False
polarity_style_2_001__counterfactual,polarity_style_2_001,counterfactual,"Because the gate was broken, Ben did not fix it.",polarity,polarity_style_2,test_template,test,dev,Ben,Grace,repair,,,causal,preserved,negative,,True,True,False,False,False,False,True,False
polarity_style_2_002__base,polarity_style_2_002,base,Clara did repair the engine because it was broken.,polarity,polarity_style_2,test_template,test,dev,Clara,Hugo,repair,,,causal,preserved,affirmative,,True,True,False,False,False,False,True,False
polarity_style_2_002__paraphrase,polarity_style_2_002,paraphrase,"Since the engine was broken, Clara did mend it.",polarity,polarity_style_2,test_template,test,dev,Clara,Hugo,repair,,,causal,preserved,affirmative,,True,True,False,False,False,False,True,False
polarity_style_2_002__counterfactual,polarity_style_2_002,counterfactual,"Because the engine was broken, Clara did not fix it.",polarity,polarity_style_2,test_template,test,dev,Clara,Hugo,repair,,,causal,preserved,negative,,True,True,False,False,False,False,True,False
polarity_style_2_003__base,polarity_style_2_003,base,Diego did repair the bike because it was broken.,polarity,polarity_style_2,test_template,test,dev,Diego,Inez,repair,,,causal,preserved,affirmative,,True,True,False,False,False,False,True,False
polarity_style_2_003__paraphrase,polarity_style_2_003,paraphrase,"Since the bike was broken, Diego did mend it.",polarity,polarity_style_2,test_template,test,dev,Diego,Inez,repair,,,causal,preserved,affirmative,,True,True,False,False,False,False,True,False
polarity_style_2_003__counterfactual,polarity_style_2_003,counterfactual,"Because the bike was broken, Diego did not fix it.",polarity,polarity_style_2,test_template,test,dev,Diego,Inez,repair,,,causal,preserved,negative,,True,True,False,False,False,False,True,False
polarity_style_2_004__base,polarity_style_2_004,base,Elena did repair the radio because it was broken.,polarity,polarity_style_2,test_template,test,dev,Elena,Jonah,repair,,,causal,preserved,affirmative,,True,True,False,False,False,False,True,False
polarity_style_2_004__paraphrase,polarity_style_2_004,paraphrase,"Since the radio was broken, Elena did mend it.",polarity,polarity_style_2,test_template,test,dev,Elena,Jonah,repair,,,causal,preserved,affirmative,,True,True,False,False,False,False,True,False
polarity_style_2_004__counterfactual,polarity_style_2_004,counterfactual,"Because the radio was broken, Elena did not fix it.",polarity,polarity_style_2,test_template,test,dev,Elena,Jonah,repair,,,causal,preserved,negative,,True,True,False,False,False,False,True,False
polarity_style_2_005__base,polarity_style_2_005,base,Farid did repair the lamp because it was broken.,polarity,polarity_style_2,test_template,test,dev,Farid,Keira,repair,,,causal,preserved,affirmative,,True,True,False,False,False,False,True,False
polarity_style_2_005__paraphrase,polarity_style_2_005,paraphrase,"Since the lamp was broken, Farid did mend it.",polarity,polarity_style_2,test_template,test,dev,Farid,Keira,repair,,,causal,preserved,affirmative,,True,True,False,False,False,False,True,False
polarity_style_2_005__counterfactual,polarity_style_2_005,counterfactual,"Because the lamp was broken, Farid did not fix it.",polarity,polarity_style_2,test_template,test,dev,Farid,Keira,repair,,,causal,preserved,negative,,True,True,False,False,False,False,True,False
polarity_style_2_006__base,polarity_style_2_006,base,Grace did repair the gate because it was broken.,polarity,polarity_style_2,test_template,test,dev,Grace,Liam,repair,,,causal,preserved,affirmative,,True,True,False,False,False,False,True,False
polarity_style_2_006__paraphrase,polarity_style_2_006,paraphrase,"Since the gate was broken, Grace did mend it.",polarity,polarity_style_2,test_template,test,dev,Grace,Liam,repair,,,causal,preserved,affirmative,,True,True,False,False,False,False,True,False
polarity_style_2_006__counterfactual,polarity_style_2_006,counterfactual,"Because the gate was broken, Grace did not fix it.",polarity,polarity_style_2,test_template,test,dev,Grace,Liam,repair,,,causal,preserved,negative,,True,True,False,False,False,False,True,False
polarity_style_2_007__base,polarity_style_2_007,base,Hugo did repair the engine because it was broken.,polarity,polarity_style_2,test_template,test,dev,Hugo,Maya,repair,,,causal,preserved,affirmative,,True,True,False,False,False,False,True,False
polarity_style_2_007__paraphrase,polarity_style_2_007,paraphrase,"Since the engine was broken, Hugo did mend it.",polarity,polarity_style_2,test_template,test,dev,Hugo,Maya,repair,,,causal,preserved,affirmative,,True,True,False,False,False,False,True,False
polarity_style_2_007__counterfactual,polarity_style_2_007,counterfactual,"Because the engine was broken, Hugo did not fix it.",polarity,polarity_style_2,test_template,test,dev,Hugo,Maya,repair,,,causal,preserved,negative,,True,True,False,False,False,False,True,False
polarity_style_2_008__base,polarity_style_2_008,base,Inez did repair the bike because it was broken.,polarity,polarity_style_2,test_template,test,dev,Inez,Noah,repair,,,causal,preserved,affirmative,,True,True,False,False,False,False,True,False
polarity_style_2_008__paraphrase,polarity_style_2_008,paraphrase,"Since the bike was broken, Inez did mend it.",polarity,polarity_style_2,test_template,test,dev,Inez,Noah,repair,,,causal,preserved,affirmative,,True,True,False,False,False,False,True,False
polarity_style_2_008__counterfactual,polarity_style_2_008,counterfactual,"Because the bike was broken, Inez did not fix it.",polarity,polarity_style_2,test_template,test,dev,Inez,Noah,repair,,,causal,preserved,negative,,True,True,False,False,False,False,True,False
polarity_style_2_009__base,polarity_style_2_009,base,Jonah did repair the radio because it was broken.,polarity,polarity_style_2,test_template,test,dev,Jonah,Ava,repair,,,causal,preserved,affirmative,,True,True,False,False,False,False,True,False
polarity_style_2_009__paraphrase,polarity_style_2_009,paraphrase,"Since the radio was broken, Jonah did mend it.",polarity,polarity_style_2,test_template,test,dev,Jonah,Ava,repair,,,causal,preserved,affirmative,,True,True,False,False,False,False,True,False
polarity_style_2_009__counterfactual,polarity_style_2_009,counterfactual,"Because the radio was broken, Jonah did not fix it.",polarity,polarity_style_2,test_template,test,dev,Jonah,Ava,repair,,,causal,preserved,negative,,True,True,False,False,False,False,True,False
polarity_style_2_010__base,polarity_style_2_010,base,Keira did repair the lamp because it was broken.,polarity,polarity_style_2,test_template,test,dev,Keira,Ben,repair,,,causal,preserved,affirmative,,True,True,False,False,False,False,True,False
polarity_style_2_010__paraphrase,polarity_style_2_010,paraphrase,"Since the lamp was broken, Keira did mend it.",polarity,polarity_style_2,test_template,test,dev,Keira,Ben,repair,,,causal,preserved,affirmative,,True,True,False,False,False,False,True,False
polarity_style_2_010__counterfactual,polarity_style_2_010,counterfactual,"Because the lamp was broken, Keira did not fix it.",polarity,polarity_style_2,test_template,test,dev,Keira,Ben,repair,,,causal,preserved,negative,,True,True,False,False,False,False,True,False
polarity_style_2_011__base,polarity_style_2_011,base,Liam did repair the gate because it was broken.,polarity,polarity_style_2,test_template,test,dev,Liam,Clara,repair,,,causal,preserved,affirmative,,True,True,False,False,False,False,True,False
polarity_style_2_011__paraphrase,polarity_style_2_011,paraphrase,"Since the gate was broken, Liam did mend it.",polarity,polarity_style_2,test_template,test,dev,Liam,Clara,repair,,,causal,preserved,affirmative,,True,True,False,False,False,False,True,False
polarity_style_2_011__counterfactual,polarity_style_2_011,counterfactual,"Because the gate was broken, Liam did not fix it.",polarity,polarity_style_2,test_template,test,dev,Liam,Clara,repair,,,causal,preserved,negative,,True,True,False,False,False,False,True,False
polarity_style_2_012__base,polarity_style_2_012,base,Maya did repair the engine because it was broken.,polarity,polarity_style_2,test_template,test,dev,Maya,Diego,repair,,,causal,preserved,affirmative,,True,True,False,False,False,False,True,False
polarity_style_2_012__paraphrase,polarity_style_2_012,paraphrase,"Since the engine was broken, Maya did mend it.",polarity,polarity_style_2,test_template,test,dev,Maya,Diego,repair,,,causal,preserved,affirmative,,True,True,False,False,False,False,True,False
polarity_style_2_012__counterfactual,polarity_style_2_012,counterfactual,"Because the engine was broken, Maya did not fix it.",polarity,polarity_style_2,test_template,test,dev,Maya,Diego,repair,,,causal,preserved,negative,,True,True,False,False,False,False,True,False
polarity_style_2_013__base,polarity_style_2_013,base,Noah did repair the bike because it was broken.,polarity,polarity_style_2,test_template,test,dev,Noah,Elena,repair,,,causal,preserved,affirmative,,True,True,False,False,False,False,True,False
polarity_style_2_013__paraphrase,polarity_style_2_013,paraphrase,"Since the bike was broken, Noah did mend it.",polarity,polarity_style_2,test_template,test,dev,Noah,Elena,repair,,,causal,preserved,affirmative,,True,True,False,False,False,False,True,False
polarity_style_2_013__counterfactual,polarity_style_2_013,counterfactual,"Because the bike was broken, Noah did not fix it.",polarity,polarity_style_2,test_template,test,dev,Noah,Elena,repair,,,causal,preserved,negative,,True,True,False,False,False,False,True,False
polarity_style_2_014__base,polarity_style_2_014,base,Priya did repair the radio because it was broken.,polarity,polarity_style_2,test_both,test,test,Priya,Victor,repair,,,causal,preserved,affirmative,,False,False,False,False,False,False,True,False
polarity_style_2_014__paraphrase,polarity_style_2_014,paraphrase,"Since the radio was broken, Priya did mend it.",polarity,polarity_style_2,test_both,test,test,Priya,Victor,repair,,,causal,preserved,affirmative,,False,False,False,False,False,False,True,False
polarity_style_2_014__counterfactual,polarity_style_2_014,counterfactual,"Because the radio was broken, Priya did not fix it.",polarity,polarity_style_2,test_both,test,test,Priya,Victor,repair,,,causal,preserved,negative,,False,False,False,False,False,False,True,False
polarity_style_2_015__base,polarity_style_2_015,base,Owen did repair the lamp because it was broken.,polarity,polarity_style_2,test_both,test,test,Owen,Priya,repair,,,causal,preserved,affirmative,,False,False,False,False,False,False,True,False
polarity_style_2_015__paraphrase,polarity_style_2_015,paraphrase,"Since the lamp was broken, Owen did mend it.",polarity,polarity_style_2,test_both,test,test,Owen,Priya,repair,,,causal,preserved,affirmative,,False,False,False,False,False,False,True,False
polarity_style_2_015__counterfactual,polarity_style_2_015,counterfactual,"Because the lamp was broken, Owen did not fix it.",polarity,polarity_style_2,test_both,test,test,Owen,Priya,repair,,,causal,preserved,negative,,False,False,False,False,False,False,True,False
polarity_style_2_016__base,polarity_style_2_016,base,Rosa did repair the gate because it was broken.,polarity,polarity_style_2,test_both,test,test,Rosa,Owen,repair,,,causal,preserved,affirmative,,False,False,False,False,False,False,True,False
polarity_style_2_016__paraphrase,polarity_style_2_016,paraphrase,"Since the gate was broken, Rosa did mend it.",polarity,polarity_style_2,test_both,test,test,Rosa,Owen,repair,,,causal,preserved,affirmative,,False,False,False,False,False,False,True,False
polarity_style_2_016__counterfactual,polarity_style_2_016,counterfactual,"Because the gate was broken, Rosa did not fix it.",polarity,polarity_style_2,test_both,test,test,Rosa,Owen,repair,,,causal,preserved,negative,,False,False,False,False,False,False,True,False
polarity_style_2_017__base,polarity_style_2_017,base,Theo did repair the engine because it was broken.,polarity,polarity_style_2,test_both,test,test,Theo,Rosa,repair,,,causal,preserved,affirmative,,False,False,False,False,False,False,True,False
polarity_style_2_017__paraphrase,polarity_style_2_017,paraphrase,"Since the engine was broken, Theo did mend it.",polarity,polarity_style_2,test_both,test,test,Theo,Rosa,repair,,,causal,preserved,affirmative,,False,False,False,False,False,False,True,False
polarity_style_2_017__counterfactual,polarity_style_2_017,counterfactual,"Because the engine was broken, Theo did not fix it.",polarity,polarity_style_2,test_both,test,test,Theo,Rosa,repair,,,causal,preserved,negative,,False,False,False,False,False,False,True,False
polarity_style_2_018__base,polarity_style_2_018,base,Uma did repair the bike because it was broken.,polarity,polarity_style_2,test_both,test,test,Uma,Theo,repair,,,causal,preserved,affirmative,,False,False,False,False,False,False,True,False
polarity_style_2_018__paraphrase,polarity_style_2_018,paraphrase,"Since the bike was broken, Uma did mend it.",polarity,polarity_style_2,test_both,test,test,Uma,Theo,repair,,,causal,preserved,affirmative,,False,False,False,False,False,False,True,False
polarity_style_2_018__counterfactual,polarity_style_2_018,counterfactual,"Because the bike was broken, Uma did not fix it.",polarity,polarity_style_2,test_both,test,test,Uma,Theo,repair,,,causal,preserved,negative,,False,False,False,False,False,False,True,False
polarity_style_2_019__base,polarity_style_2_019,base,Victor did repair the radio because it was broken.,polarity,polarity_style_2,test_both,test,test,Victor,Uma,repair,,,causal,preserved,affirmative,,False,False,False,False,False,False,True,False
polarity_style_2_019__paraphrase,polarity_style_2_019,paraphrase,"Since the radio was broken, Victor did mend it.",polarity,polarity_style_2,test_both,test,test,Victor,Uma,repair,,,causal,preserved,affirmative,,False,False,False,False,False,False,True,False
polarity_style_2_019__counterfactual,polarity_style_2_019,counterfactual,"Because the radio was broken, Victor did not fix it.",polarity,polarity_style_2,test_both,test,test,Victor,Uma,repair,,,causal,preserved,negative,,False,False,False,False,False,False,True,False
temporal_style_0_000__base,temporal_style_0_000,base,Ava cleaned the spill after the alarm rang.,temporal,temporal_style_0,dev,dev,dev,Ava,Farid,clean,,,temporal,preserved,,after,True,True,False,False,False,False,False,True
temporal_style_0_000__paraphrase,temporal_style_0_000,paraphrase,"Once the alarm rang, Ava cleaned the spill.",temporal,temporal_style_0,dev,dev,dev,Ava,Farid,clean,,,temporal,preserved,,after,True,True,False,False,False,False,False,True
temporal_style_0_000__counterfactual,temporal_style_0_000,counterfactual,"Before the alarm rang, Ava cleaned the spill.",temporal,temporal_style_0,dev,dev,dev,Ava,Farid,clean,,,temporal,preserved,,before,True,True,False,False,False,False,False,True
temporal_style_0_001__base,temporal_style_0_001,base,Ben cleaned the spill after the alarm rang.,temporal,temporal_style_0,dev,dev,dev,Ben,Grace,clean,,,temporal,preserved,,after,True,True,False,False,False,False,False,True
temporal_style_0_001__paraphrase,temporal_style_0_001,paraphrase,"Once the alarm rang, Ben cleaned the spill.",temporal,temporal_style_0,dev,dev,dev,Ben,Grace,clean,,,temporal,preserved,,after,True,True,False,False,False,False,False,True
temporal_style_0_001__counterfactual,temporal_style_0_001,counterfactual,"Before the alarm rang, Ben cleaned the spill.",temporal,temporal_style_0,dev,dev,dev,Ben,Grace,clean,,,temporal,preserved,,before,True,True,False,False,False,False,False,True
temporal_style_0_002__base,temporal_style_0_002,base,Clara cleaned the spill after the alarm rang.,temporal,temporal_style_0,dev,dev,dev,Clara,Hugo,clean,,,temporal,preserved,,after,True,True,False,False,False,False,False,True
temporal_style_0_002__paraphrase,temporal_style_0_002,paraphrase,"Once the alarm rang, Clara cleaned the spill.",temporal,temporal_style_0,dev,dev,dev,Clara,Hugo,clean,,,temporal,preserved,,after,True,True,False,False,False,False,False,True
temporal_style_0_002__counterfactual,temporal_style_0_002,counterfactual,"Before the alarm rang, Clara cleaned the spill.",temporal,temporal_style_0,dev,dev,dev,Clara,Hugo,clean,,,temporal,preserved,,before,True,True,False,False,False,False,False,True
temporal_style_0_003__base,temporal_style_0_003,base,Diego cleaned the spill after the alarm rang.,temporal,temporal_style_0,dev,dev,dev,Diego,Inez,clean,,,temporal,preserved,,after,True,True,False,False,False,False,False,True
temporal_style_0_003__paraphrase,temporal_style_0_003,paraphrase,"Once the alarm rang, Diego cleaned the spill.",temporal,temporal_style_0,dev,dev,dev,Diego,Inez,clean,,,temporal,preserved,,after,True,True,False,False,False,False,False,True
temporal_style_0_003__counterfactual,temporal_style_0_003,counterfactual,"Before the alarm rang, Diego cleaned the spill.",temporal,temporal_style_0,dev,dev,dev,Diego,Inez,clean,,,temporal,preserved,,before,True,True,False,False,False,False,False,True
temporal_style_0_004__base,temporal_style_0_004,base,Elena cleaned the spill after the alarm rang.,temporal,temporal_style_0,dev,dev,dev,Elena,Jonah,clean,,,temporal,preserved,,after,True,True,False,False,False,False,False,True
temporal_style_0_004__paraphrase,temporal_style_0_004,paraphrase,"Once the alarm rang, Elena cleaned the spill.",temporal,temporal_style_0,dev,dev,dev,Elena,Jonah,clean,,,temporal,preserved,,after,True,True,False,False,False,False,False,True
temporal_style_0_004__counterfactual,temporal_style_0_004,counterfactual,"Before the alarm rang, Elena cleaned the spill.",temporal,temporal_style_0,dev,dev,dev,Elena,Jonah,clean,,,temporal,preserved,,before,True,True,False,False,False,False,False,True
temporal_style_0_005__base,temporal_style_0_005,base,Farid cleaned the spill after the alarm rang.,temporal,temporal_style_0,dev,dev,dev,Farid,Keira,clean,,,temporal,preserved,,after,True,True,False,False,False,False,False,True
temporal_style_0_005__paraphrase,temporal_style_0_005,paraphrase,"Once the alarm rang, Farid cleaned the spill.",temporal,temporal_style_0,dev,dev,dev,Farid,Keira,clean,,,temporal,preserved,,after,True,True,False,False,False,False,False,True
temporal_style_0_005__counterfactual,temporal_style_0_005,counterfactual,"Before the alarm rang, Farid cleaned the spill.",temporal,temporal_style_0,dev,dev,dev,Farid,Keira,clean,,,temporal,preserved,,before,True,True,False,False,False,False,False,True
temporal_style_0_006__base,temporal_style_0_006,base,Grace cleaned the spill after the alarm rang.,temporal,temporal_style_0,dev,dev,dev,Grace,Liam,clean,,,temporal,preserved,,after,True,True,False,False,False,False,False,True
temporal_style_0_006__paraphrase,temporal_style_0_006,paraphrase,"Once the alarm rang, Grace cleaned the spill.",temporal,temporal_style_0,dev,dev,dev,Grace,Liam,clean,,,temporal,preserved,,after,True,True,False,False,False,False,False,True
temporal_style_0_006__counterfactual,temporal_style_0_006,counterfactual,"Before the alarm rang, Grace cleaned the spill.",temporal,temporal_style_0,dev,dev,dev,Grace,Liam,clean,,,temporal,preserved,,before,True,True,False,False,False,False,False,True
temporal_style_0_007__base,temporal_style_0_007,base,Hugo cleaned the spill after the alarm rang.,temporal,temporal_style_0,dev,dev,dev,Hugo,Maya,clean,,,temporal,preserved,,after,True,True,False,False,False,False,False,True
temporal_style_0_007__paraphrase,temporal_style_0_007,paraphrase,"Once the alarm rang, Hugo cleaned the spill.",temporal,temporal_style_0,dev,dev,dev,Hugo,Maya,clean,,,temporal,preserved,,after,True,True,False,False,False,False,False,True
temporal_style_0_007__counterfactual,temporal_style_0_007,counterfactual,"Before the alarm rang, Hugo cleaned the spill.",temporal,temporal_style_0,dev,dev,dev,Hugo,Maya,clean,,,temporal,preserved,,before,True,True,False,False,False,False,False,True
temporal_style_0_008__base,temporal_style_0_008,base,Inez cleaned the spill after the alarm rang.,temporal,temporal_style_0,dev,dev,dev,Inez,Noah,clean,,,temporal,preserved,,after,True,True,False,False,False,False,False,True
temporal_style_0_008__paraphrase,temporal_style_0_008,paraphrase,"Once the alarm rang, Inez cleaned the spill.",temporal,temporal_style_0,dev,dev,dev,Inez,Noah,clean,,,temporal,preserved,,after,True,True,False,False,False,False,False,True
temporal_style_0_008__counterfactual,temporal_style_0_008,counterfactual,"Before the alarm rang, Inez cleaned the spill.",temporal,temporal_style_0,dev,dev,dev,Inez,Noah,clean,,,temporal,preserved,,before,True,True,False,False,False,False,False,True
temporal_style_0_009__base,temporal_style_0_009,base,Jonah cleaned the spill after the alarm rang.,temporal,temporal_style_0,dev,dev,dev,Jonah,Ava,clean,,,temporal,preserved,,after,True,True,False,False,False,False,False,True
temporal_style_0_009__paraphrase,temporal_style_0_009,paraphrase,"Once the alarm rang, Jonah cleaned the spill.",temporal,temporal_style_0,dev,dev,dev,Jonah,Ava,clean,,,temporal,preserved,,after,True,True,False,False,False,False,False,True
temporal_style_0_009__counterfactual,temporal_style_0_009,counterfactual,"Before the alarm rang, Jonah cleaned the spill.",temporal,temporal_style_0,dev,dev,dev,Jonah,Ava,clean,,,temporal,preserved,,before,True,True,False,False,False,False,False,True
temporal_style_0_010__base,temporal_style_0_010,base,Keira cleaned the spill after the alarm rang.,temporal,temporal_style_0,dev,dev,dev,Keira,Ben,clean,,,temporal,preserved,,after,True,True,False,False,False,False,False,True
temporal_style_0_010__paraphrase,temporal_style_0_010,paraphrase,"Once the alarm rang, Keira cleaned the spill.",temporal,temporal_style_0,dev,dev,dev,Keira,Ben,clean,,,temporal,preserved,,after,True,True,False,False,False,False,False,True
temporal_style_0_010__counterfactual,temporal_style_0_010,counterfactual,"Before the alarm rang, Keira cleaned the spill.",temporal,temporal_style_0,dev,dev,dev,Keira,Ben,clean,,,temporal,preserved,,before,True,True,False,False,False,False,False,True
temporal_style_0_011__base,temporal_style_0_011,base,Liam cleaned the spill after the alarm rang.,temporal,temporal_style_0,dev,dev,dev,Liam,Clara,clean,,,temporal,preserved,,after,True,True,False,False,False,False,False,True
temporal_style_0_011__paraphrase,temporal_style_0_011,paraphrase,"Once the alarm rang, Liam cleaned the spill.",temporal,temporal_style_0,dev,dev,dev,Liam,Clara,clean,,,temporal,preserved,,after,True,True,False,False,False,False,False,True
temporal_style_0_011__counterfactual,temporal_style_0_011,counterfactual,"Before the alarm rang, Liam cleaned the spill.",temporal,temporal_style_0,dev,dev,dev,Liam,Clara,clean,,,temporal,preserved,,before,True,True,False,False,False,False,False,True
temporal_style_0_012__base,temporal_style_0_012,base,Maya cleaned the spill after the alarm rang.,temporal,temporal_style_0,dev,dev,dev,Maya,Diego,clean,,,temporal,preserved,,after,True,True,False,False,False,False,False,True
temporal_style_0_012__paraphrase,temporal_style_0_012,paraphrase,"Once the alarm rang, Maya cleaned the spill.",temporal,temporal_style_0,dev,dev,dev,Maya,Diego,clean,,,temporal,preserved,,after,True,True,False,False,False,False,False,True
temporal_style_0_012__counterfactual,temporal_style_0_012,counterfactual,"Before the alarm rang, Maya cleaned the spill.",temporal,temporal_style_0,dev,dev,dev,Maya,Diego,clean,,,temporal,preserved,,before,True,True,False,False,False,False,False,True
temporal_style_0_013__base,temporal_style_0_013,base,Noah cleaned the spill after the alarm rang.,temporal,temporal_style_0,dev,dev,dev,Noah,Elena,clean,,,temporal,preserved,,after,True,True,False,False,False,False,False,True
temporal_style_0_013__paraphrase,temporal_style_0_013,paraphrase,"Once the alarm rang, Noah cleaned the spill.",temporal,temporal_style_0,dev,dev,dev,Noah,Elena,clean,,,temporal,preserved,,after,True,True,False,False,False,False,False,True
temporal_style_0_013__counterfactual,temporal_style_0_013,counterfactual,"Before the alarm rang, Noah cleaned the spill.",temporal,temporal_style_0,dev,dev,dev,Noah,Elena,clean,,,temporal,preserved,,before,True,True,False,False,False,False,False,True
temporal_style_0_014__base,temporal_style_0_014,base,Priya cleaned the spill after the alarm rang.,temporal,temporal_style_0,test_entity,dev,test,Priya,Victor,clean,,,temporal,preserved,,after,False,False,False,False,False,False,False,True
temporal_style_0_014__paraphrase,temporal_style_0_014,paraphrase,"Once the alarm rang, Priya cleaned the spill.",temporal,temporal_style_0,test_entity,dev,test,Priya,Victor,clean,,,temporal,preserved,,after,False,False,False,False,False,False,False,True
temporal_style_0_014__counterfactual,temporal_style_0_014,counterfactual,"Before the alarm rang, Priya cleaned the spill.",temporal,temporal_style_0,test_entity,dev,test,Priya,Victor,clean,,,temporal,preserved,,before,False,False,False,False,False,False,False,True
temporal_style_0_015__base,temporal_style_0_015,base,Owen cleaned the spill after the alarm rang.,temporal,temporal_style_0,test_entity,dev,test,Owen,Priya,clean,,,temporal,preserved,,after,False,False,False,False,False,False,False,True
temporal_style_0_015__paraphrase,temporal_style_0_015,paraphrase,"Once the alarm rang, Owen cleaned the spill.",temporal,temporal_style_0,test_entity,dev,test,Owen,Priya,clean,,,temporal,preserved,,after,False,False,False,False,False,False,False,True
temporal_style_0_015__counterfactual,temporal_style_0_015,counterfactual,"Before the alarm rang, Owen cleaned the spill.",temporal,temporal_style_0,test_entity,dev,test,Owen,Priya,clean,,,temporal,preserved,,before,False,False,False,False,False,False,False,True
temporal_style_0_016__base,temporal_style_0_016,base,Rosa cleaned the spill after the alarm rang.,temporal,temporal_style_0,test_entity,dev,test,Rosa,Owen,clean,,,temporal,preserved,,after,False,False,False,False,False,False,False,True
temporal_style_0_016__paraphrase,temporal_style_0_016,paraphrase,"Once the alarm rang, Rosa cleaned the spill.",temporal,temporal_style_0,test_entity,dev,test,Rosa,Owen,clean,,,temporal,preserved,,after,False,False,False,False,False,False,False,True
temporal_style_0_016__counterfactual,temporal_style_0_016,counterfactual,"Before the alarm rang, Rosa cleaned the spill.",temporal,temporal_style_0,test_entity,dev,test,Rosa,Owen,clean,,,temporal,preserved,,before,False,False,False,False,False,False,False,True
temporal_style_0_017__base,temporal_style_0_017,base,Theo cleaned the spill after the alarm rang.,temporal,temporal_style_0,test_entity,dev,test,Theo,Rosa,clean,,,temporal,preserved,,after,False,False,False,False,False,False,False,True
temporal_style_0_017__paraphrase,temporal_style_0_017,paraphrase,"Once the alarm rang, Theo cleaned the spill.",temporal,temporal_style_0,test_entity,dev,test,Theo,Rosa,clean,,,temporal,preserved,,after,False,False,False,False,False,False,False,True
temporal_style_0_017__counterfactual,temporal_style_0_017,counterfactual,"Before the alarm rang, Theo cleaned the spill.",temporal,temporal_style_0,test_entity,dev,test,Theo,Rosa,clean,,,temporal,preserved,,before,False,False,False,False,False,False,False,True
temporal_style_0_018__base,temporal_style_0_018,base,Uma cleaned the spill after the alarm rang.,temporal,temporal_style_0,test_entity,dev,test,Uma,Theo,clean,,,temporal,preserved,,after,False,False,False,False,False,False,False,True
temporal_style_0_018__paraphrase,temporal_style_0_018,paraphrase,"Once the alarm rang, Uma cleaned the spill.",temporal,temporal_style_0,test_entity,dev,test,Uma,Theo,clean,,,temporal,preserved,,after,False,False,False,False,False,False,False,True
temporal_style_0_018__counterfactual,temporal_style_0_018,counterfactual,"Before the alarm rang, Uma cleaned the spill.",temporal,temporal_style_0,test_entity,dev,test,Uma,Theo,clean,,,temporal,preserved,,before,False,False,False,False,False,False,False,True
temporal_style_0_019__base,temporal_style_0_019,base,Victor cleaned the spill after the alarm rang.,temporal,temporal_style_0,test_entity,dev,test,Victor,Uma,clean,,,temporal,preserved,,after,False,False,False,False,False,False,False,True
temporal_style_0_019__paraphrase,temporal_style_0_019,paraphrase,"Once the alarm rang, Victor cleaned the spill.",temporal,temporal_style_0,test_entity,dev,test,Victor,Uma,clean,,,temporal,preserved,,after,False,False,False,False,False,False,False,True
temporal_style_0_019__counterfactual,temporal_style_0_019,counterfactual,"Before the alarm rang, Victor cleaned the spill.",temporal,temporal_style_0,test_entity,dev,test,Victor,Uma,clean,,,temporal,preserved,,before,False,False,False,False,False,False,False,True
temporal_style_1_000__base,temporal_style_1_000,base,Ava cleaned the spill after the bell rang.,temporal,temporal_style_1,dev,dev,dev,Ava,Farid,clean,,,temporal,preserved,,after,True,True,False,False,False,False,False,True
temporal_style_1_000__paraphrase,temporal_style_1_000,paraphrase,"Once the bell rang, Ava cleaned the spill.",temporal,temporal_style_1,dev,dev,dev,Ava,Farid,clean,,,temporal,preserved,,after,True,True,False,False,False,False,False,True
temporal_style_1_000__counterfactual,temporal_style_1_000,counterfactual,"Before the bell rang, Ava cleaned the spill.",temporal,temporal_style_1,dev,dev,dev,Ava,Farid,clean,,,temporal,preserved,,before,True,True,False,False,False,False,False,True
temporal_style_1_001__base,temporal_style_1_001,base,Ben cleaned the spill after the bell rang.,temporal,temporal_style_1,dev,dev,dev,Ben,Grace,clean,,,temporal,preserved,,after,True,True,False,False,False,False,False,True
temporal_style_1_001__paraphrase,temporal_style_1_001,paraphrase,"Once the bell rang, Ben cleaned the spill.",temporal,temporal_style_1,dev,dev,dev,Ben,Grace,clean,,,temporal,preserved,,after,True,True,False,False,False,False,False,True
temporal_style_1_001__counterfactual,temporal_style_1_001,counterfactual,"Before the bell rang, Ben cleaned the spill.",temporal,temporal_style_1,dev,dev,dev,Ben,Grace,clean,,,temporal,preserved,,before,True,True,False,False,False,False,False,True
temporal_style_1_002__base,temporal_style_1_002,base,Clara cleaned the spill after the bell rang.,temporal,temporal_style_1,dev,dev,dev,Clara,Hugo,clean,,,temporal,preserved,,after,True,True,False,False,False,False,False,True
temporal_style_1_002__paraphrase,temporal_style_1_002,paraphrase,"Once the bell rang, Clara cleaned the spill.",temporal,temporal_style_1,dev,dev,dev,Clara,Hugo,clean,,,temporal,preserved,,after,True,True,False,False,False,False,False,True
temporal_style_1_002__counterfactual,temporal_style_1_002,counterfactual,"Before the bell rang, Clara cleaned the spill.",temporal,temporal_style_1,dev,dev,dev,Clara,Hugo,clean,,,temporal,preserved,,before,True,True,False,False,False,False,False,True
temporal_style_1_003__base,temporal_style_1_003,base,Diego cleaned the spill after the bell rang.,temporal,temporal_style_1,dev,dev,dev,Diego,Inez,clean,,,temporal,preserved,,after,True,True,False,False,False,False,False,True
temporal_style_1_003__paraphrase,temporal_style_1_003,paraphrase,"Once the bell rang, Diego cleaned the spill.",temporal,temporal_style_1,dev,dev,dev,Diego,Inez,clean,,,temporal,preserved,,after,True,True,False,False,False,False,False,True
temporal_style_1_003__counterfactual,temporal_style_1_003,counterfactual,"Before the bell rang, Diego cleaned the spill.",temporal,temporal_style_1,dev,dev,dev,Diego,Inez,clean,,,temporal,preserved,,before,True,True,False,False,False,False,False,True
temporal_style_1_004__base,temporal_style_1_004,base,Elena cleaned the spill after the bell rang.,temporal,temporal_style_1,dev,dev,dev,Elena,Jonah,clean,,,temporal,preserved,,after,True,True,False,False,False,False,False,True
temporal_style_1_004__paraphrase,temporal_style_1_004,paraphrase,"Once the bell rang, Elena cleaned the spill.",temporal,temporal_style_1,dev,dev,dev,Elena,Jonah,clean,,,temporal,preserved,,after,True,True,False,False,False,False,False,True
temporal_style_1_004__counterfactual,temporal_style_1_004,counterfactual,"Before the bell rang, Elena cleaned the spill.",temporal,temporal_style_1,dev,dev,dev,Elena,Jonah,clean,,,temporal,preserved,,before,True,True,False,False,False,False,False,True
temporal_style_1_005__base,temporal_style_1_005,base,Farid cleaned the spill after the bell rang.,temporal,temporal_style_1,dev,dev,dev,Farid,Keira,clean,,,temporal,preserved,,after,True,True,False,False,False,False,False,True
temporal_style_1_005__paraphrase,temporal_style_1_005,paraphrase,"Once the bell rang, Farid cleaned the spill.",temporal,temporal_style_1,dev,dev,dev,Farid,Keira,clean,,,temporal,preserved,,after,True,True,False,False,False,False,False,True
temporal_style_1_005__counterfactual,temporal_style_1_005,counterfactual,"Before the bell rang, Farid cleaned the spill.",temporal,temporal_style_1,dev,dev,dev,Farid,Keira,clean,,,temporal,preserved,,before,True,True,False,False,False,False,False,True
temporal_style_1_006__base,temporal_style_1_006,base,Grace cleaned the spill after the bell rang.,temporal,temporal_style_1,dev,dev,dev,Grace,Liam,clean,,,temporal,preserved,,after,True,True,False,False,False,False,False,True
temporal_style_1_006__paraphrase,temporal_style_1_006,paraphrase,"Once the bell rang, Grace cleaned the spill.",temporal,temporal_style_1,dev,dev,dev,Grace,Liam,clean,,,temporal,preserved,,after,True,True,False,False,False,False,False,True
temporal_style_1_006__counterfactual,temporal_style_1_006,counterfactual,"Before the bell rang, Grace cleaned the spill.",temporal,temporal_style_1,dev,dev,dev,Grace,Liam,clean,,,temporal,preserved,,before,True,True,False,False,False,False,False,True
temporal_style_1_007__base,temporal_style_1_007,base,Hugo cleaned the spill after the bell rang.,temporal,temporal_style_1,dev,dev,dev,Hugo,Maya,clean,,,temporal,preserved,,after,True,True,False,False,False,False,False,True
temporal_style_1_007__paraphrase,temporal_style_1_007,paraphrase,"Once the bell rang, Hugo cleaned the spill.",temporal,temporal_style_1,dev,dev,dev,Hugo,Maya,clean,,,temporal,preserved,,after,True,True,False,False,False,False,False,True
temporal_style_1_007__counterfactual,temporal_style_1_007,counterfactual,"Before the bell rang, Hugo cleaned the spill.",temporal,temporal_style_1,dev,dev,dev,Hugo,Maya,clean,,,temporal,preserved,,before,True,True,False,False,False,False,False,True
temporal_style_1_008__base,temporal_style_1_008,base,Inez cleaned the spill after the bell rang.,temporal,temporal_style_1,dev,dev,dev,Inez,Noah,clean,,,temporal,preserved,,after,True,True,False,False,False,False,False,True
temporal_style_1_008__paraphrase,temporal_style_1_008,paraphrase,"Once the bell rang, Inez cleaned the spill.",temporal,temporal_style_1,dev,dev,dev,Inez,Noah,clean,,,temporal,preserved,,after,True,True,False,False,False,False,False,True
temporal_style_1_008__counterfactual,temporal_style_1_008,counterfactual,"Before the bell rang, Inez cleaned the spill.",temporal,temporal_style_1,dev,dev,dev,Inez,Noah,clean,,,temporal,preserved,,before,True,True,False,False,False,False,False,True
temporal_style_1_009__base,temporal_style_1_009,base,Jonah cleaned the spill after the bell rang.,temporal,temporal_style_1,dev,dev,dev,Jonah,Ava,clean,,,temporal,preserved,,after,True,True,False,False,False,False,False,True
temporal_style_1_009__paraphrase,temporal_style_1_009,paraphrase,"Once the bell rang, Jonah cleaned the spill.",temporal,temporal_style_1,dev,dev,dev,Jonah,Ava,clean,,,temporal,preserved,,after,True,True,False,False,False,False,False,True
temporal_style_1_009__counterfactual,temporal_style_1_009,counterfactual,"Before the bell rang, Jonah cleaned the spill.",temporal,temporal_style_1,dev,dev,dev,Jonah,Ava,clean,,,temporal,preserved,,before,True,True,False,False,False,False,False,True
temporal_style_1_010__base,temporal_style_1_010,base,Keira cleaned the spill after the bell rang.,temporal,temporal_style_1,dev,dev,dev,Keira,Ben,clean,,,temporal,preserved,,after,True,True,False,False,False,False,False,True
temporal_style_1_010__paraphrase,temporal_style_1_010,paraphrase,"Once the bell rang, Keira cleaned the spill.",temporal,temporal_style_1,dev,dev,dev,Keira,Ben,clean,,,temporal,preserved,,after,True,True,False,False,False,False,False,True
temporal_style_1_010__counterfactual,temporal_style_1_010,counterfactual,"Before the bell rang, Keira cleaned the spill.",temporal,temporal_style_1,dev,dev,dev,Keira,Ben,clean,,,temporal,preserved,,before,True,True,False,False,False,False,False,True
temporal_style_1_011__base,temporal_style_1_011,base,Liam cleaned the spill after the bell rang.,temporal,temporal_style_1,dev,dev,dev,Liam,Clara,clean,,,temporal,preserved,,after,True,True,False,False,False,False,False,True
temporal_style_1_011__paraphrase,temporal_style_1_011,paraphrase,"Once the bell rang, Liam cleaned the spill.",temporal,temporal_style_1,dev,dev,dev,Liam,Clara,clean,,,temporal,preserved,,after,True,True,False,False,False,False,False,True
temporal_style_1_011__counterfactual,temporal_style_1_011,counterfactual,"Before the bell rang, Liam cleaned the spill.",temporal,temporal_style_1,dev,dev,dev,Liam,Clara,clean,,,temporal,preserved,,before,True,True,False,False,False,False,False,True
temporal_style_1_012__base,temporal_style_1_012,base,Maya cleaned the spill after the bell rang.,temporal,temporal_style_1,dev,dev,dev,Maya,Diego,clean,,,temporal,preserved,,after,True,True,False,False,False,False,False,True
temporal_style_1_012__paraphrase,temporal_style_1_012,paraphrase,"Once the bell rang, Maya cleaned the spill.",temporal,temporal_style_1,dev,dev,dev,Maya,Diego,clean,,,temporal,preserved,,after,True,True,False,False,False,False,False,True
temporal_style_1_012__counterfactual,temporal_style_1_012,counterfactual,"Before the bell rang, Maya cleaned the spill.",temporal,temporal_style_1,dev,dev,dev,Maya,Diego,clean,,,temporal,preserved,,before,True,True,False,False,False,False,False,True
temporal_style_1_013__base,temporal_style_1_013,base,Noah cleaned the spill after the bell rang.,temporal,temporal_style_1,dev,dev,dev,Noah,Elena,clean,,,temporal,preserved,,after,True,True,False,False,False,False,False,True
temporal_style_1_013__paraphrase,temporal_style_1_013,paraphrase,"Once the bell rang, Noah cleaned the spill.",temporal,temporal_style_1,dev,dev,dev,Noah,Elena,clean,,,temporal,preserved,,after,True,True,False,False,False,False,False,True
temporal_style_1_013__counterfactual,temporal_style_1_013,counterfactual,"Before the bell rang, Noah cleaned the spill.",temporal,temporal_style_1,dev,dev,dev,Noah,Elena,clean,,,temporal,preserved,,before,True,True,False,False,False,False,False,True
temporal_style_1_014__base,temporal_style_1_014,base,Priya cleaned the spill after the bell rang.,temporal,temporal_style_1,test_entity,dev,test,Priya,Victor,clean,,,temporal,preserved,,after,False,False,False,False,False,False,False,True
temporal_style_1_014__paraphrase,temporal_style_1_014,paraphrase,"Once the bell rang, Priya cleaned the spill.",temporal,temporal_style_1,test_entity,dev,test,Priya,Victor,clean,,,temporal,preserved,,after,False,False,False,False,False,False,False,True
temporal_style_1_014__counterfactual,temporal_style_1_014,counterfactual,"Before the bell rang, Priya cleaned the spill.",temporal,temporal_style_1,test_entity,dev,test,Priya,Victor,clean,,,temporal,preserved,,before,False,False,False,False,False,False,False,True
temporal_style_1_015__base,temporal_style_1_015,base,Owen cleaned the spill after the bell rang.,temporal,temporal_style_1,test_entity,dev,test,Owen,Priya,clean,,,temporal,preserved,,after,False,False,False,False,False,False,False,True
temporal_style_1_015__paraphrase,temporal_style_1_015,paraphrase,"Once the bell rang, Owen cleaned the spill.",temporal,temporal_style_1,test_entity,dev,test,Owen,Priya,clean,,,temporal,preserved,,after,False,False,False,False,False,False,False,True
temporal_style_1_015__counterfactual,temporal_style_1_015,counterfactual,"Before the bell rang, Owen cleaned the spill.",temporal,temporal_style_1,test_entity,dev,test,Owen,Priya,clean,,,temporal,preserved,,before,False,False,False,False,False,False,False,True
temporal_style_1_016__base,temporal_style_1_016,base,Rosa cleaned the spill after the bell rang.,temporal,temporal_style_1,test_entity,dev,test,Rosa,Owen,clean,,,temporal,preserved,,after,False,False,False,False,False,False,False,True
temporal_style_1_016__paraphrase,temporal_style_1_016,paraphrase,"Once the bell rang, Rosa cleaned the spill.",temporal,temporal_style_1,test_entity,dev,test,Rosa,Owen,clean,,,temporal,preserved,,after,False,False,False,False,False,False,False,True
temporal_style_1_016__counterfactual,temporal_style_1_016,counterfactual,"Before the bell rang, Rosa cleaned the spill.",temporal,temporal_style_1,test_entity,dev,test,Rosa,Owen,clean,,,temporal,preserved,,before,False,False,False,False,False,False,False,True
temporal_style_1_017__base,temporal_style_1_017,base,Theo cleaned the spill after the bell rang.,temporal,temporal_style_1,test_entity,dev,test,Theo,Rosa,clean,,,temporal,preserved,,after,False,False,False,False,False,False,False,True
temporal_style_1_017__paraphrase,temporal_style_1_017,paraphrase,"Once the bell rang, Theo cleaned the spill.",temporal,temporal_style_1,test_entity,dev,test,Theo,Rosa,clean,,,temporal,preserved,,after,False,False,False,False,False,False,False,True
temporal_style_1_017__counterfactual,temporal_style_1_017,counterfactual,"Before the bell rang, Theo cleaned the spill.",temporal,temporal_style_1,test_entity,dev,test,Theo,Rosa,clean,,,temporal,preserved,,before,False,False,False,False,False,False,False,True
temporal_style_1_018__base,temporal_style_1_018,base,Uma cleaned the spill after the bell rang.,temporal,temporal_style_1,test_entity,dev,test,Uma,Theo,clean,,,temporal,preserved,,after,False,False,False,False,False,False,False,True
temporal_style_1_018__paraphrase,temporal_style_1_018,paraphrase,"Once the bell rang, Uma cleaned the spill.",temporal,temporal_style_1,test_entity,dev,test,Uma,Theo,clean,,,temporal,preserved,,after,False,False,False,False,False,False,False,True
temporal_style_1_018__counterfactual,temporal_style_1_018,counterfactual,"Before the bell rang, Uma cleaned the spill.",temporal,temporal_style_1,test_entity,dev,test,Uma,Theo,clean,,,temporal,preserved,,before,False,False,False,False,False,False,False,True
temporal_style_1_019__base,temporal_style_1_019,base,Victor cleaned the spill after the bell rang.,temporal,temporal_style_1,test_entity,dev,test,Victor,Uma,clean,,,temporal,preserved,,after,False,False,False,False,False,False,False,True
temporal_style_1_019__paraphrase,temporal_style_1_019,paraphrase,"Once the bell rang, Victor cleaned the spill.",temporal,temporal_style_1,test_entity,dev,test,Victor,Uma,clean,,,temporal,preserved,,after,False,False,False,False,False,False,False,True
temporal_style_1_019__counterfactual,temporal_style_1_019,counterfactual,"Before the bell rang, Victor cleaned the spill.",temporal,temporal_style_1,test_entity,dev,test,Victor,Uma,clean,,,temporal,preserved,,before,False,False,False,False,False,False,False,True
temporal_style_2_000__base,temporal_style_2_000,base,Ava cleaned the spill after the lights failed.,temporal,temporal_style_2,test_template,test,dev,Ava,Farid,clean,,,temporal,preserved,,after,True,True,False,False,False,False,False,True
temporal_style_2_000__paraphrase,temporal_style_2_000,paraphrase,"Once the lights failed, Ava cleaned the spill.",temporal,temporal_style_2,test_template,test,dev,Ava,Farid,clean,,,temporal,preserved,,after,True,True,False,False,False,False,False,True
temporal_style_2_000__counterfactual,temporal_style_2_000,counterfactual,"Before the lights failed, Ava cleaned the spill.",temporal,temporal_style_2,test_template,test,dev,Ava,Farid,clean,,,temporal,preserved,,before,True,True,False,False,False,False,False,True
temporal_style_2_001__base,temporal_style_2_001,base,Ben cleaned the spill after the lights failed.,temporal,temporal_style_2,test_template,test,dev,Ben,Grace,clean,,,temporal,preserved,,after,True,True,False,False,False,False,False,True
temporal_style_2_001__paraphrase,temporal_style_2_001,paraphrase,"Once the lights failed, Ben cleaned the spill.",temporal,temporal_style_2,test_template,test,dev,Ben,Grace,clean,,,temporal,preserved,,after,True,True,False,False,False,False,False,True
temporal_style_2_001__counterfactual,temporal_style_2_001,counterfactual,"Before the lights failed, Ben cleaned the spill.",temporal,temporal_style_2,test_template,test,dev,Ben,Grace,clean,,,temporal,preserved,,before,True,True,False,False,False,False,False,True
temporal_style_2_002__base,temporal_style_2_002,base,Clara cleaned the spill after the lights failed.,temporal,temporal_style_2,test_template,test,dev,Clara,Hugo,clean,,,temporal,preserved,,after,True,True,False,False,False,False,False,True
temporal_style_2_002__paraphrase,temporal_style_2_002,paraphrase,"Once the lights failed, Clara cleaned the spill.",temporal,temporal_style_2,test_template,test,dev,Clara,Hugo,clean,,,temporal,preserved,,after,True,True,False,False,False,False,False,True
temporal_style_2_002__counterfactual,temporal_style_2_002,counterfactual,"Before the lights failed, Clara cleaned the spill.",temporal,temporal_style_2,test_template,test,dev,Clara,Hugo,clean,,,temporal,preserved,,before,True,True,False,False,False,False,False,True
temporal_style_2_003__base,temporal_style_2_003,base,Diego cleaned the spill after the lights failed.,temporal,temporal_style_2,test_template,test,dev,Diego,Inez,clean,,,temporal,preserved,,after,True,True,False,False,False,False,False,True
temporal_style_2_003__paraphrase,temporal_style_2_003,paraphrase,"Once the lights failed, Diego cleaned the spill.",temporal,temporal_style_2,test_template,test,dev,Diego,Inez,clean,,,temporal,preserved,,after,True,True,False,False,False,False,False,True
temporal_style_2_003__counterfactual,temporal_style_2_003,counterfactual,"Before the lights failed, Diego cleaned the spill.",temporal,temporal_style_2,test_template,test,dev,Diego,Inez,clean,,,temporal,preserved,,before,True,True,False,False,False,False,False,True
temporal_style_2_004__base,temporal_style_2_004,base,Elena cleaned the spill after the lights failed.,temporal,temporal_style_2,test_template,test,dev,Elena,Jonah,clean,,,temporal,preserved,,after,True,True,False,False,False,False,False,True
temporal_style_2_004__paraphrase,temporal_style_2_004,paraphrase,"Once the lights failed, Elena cleaned the spill.",temporal,temporal_style_2,test_template,test,dev,Elena,Jonah,clean,,,temporal,preserved,,after,True,True,False,False,False,False,False,True
temporal_style_2_004__counterfactual,temporal_style_2_004,counterfactual,"Before the lights failed, Elena cleaned the spill.",temporal,temporal_style_2,test_template,test,dev,Elena,Jonah,clean,,,temporal,preserved,,before,True,True,False,False,False,False,False,True
temporal_style_2_005__base,temporal_style_2_005,base,Farid cleaned the spill after the lights failed.,temporal,temporal_style_2,test_template,test,dev,Farid,Keira,clean,,,temporal,preserved,,after,True,True,False,False,False,False,False,True
temporal_style_2_005__paraphrase,temporal_style_2_005,paraphrase,"Once the lights failed, Farid cleaned the spill.",temporal,temporal_style_2,test_template,test,dev,Farid,Keira,clean,,,temporal,preserved,,after,True,True,False,False,False,False,False,True
temporal_style_2_005__counterfactual,temporal_style_2_005,counterfactual,"Before the lights failed, Farid cleaned the spill.",temporal,temporal_style_2,test_template,test,dev,Farid,Keira,clean,,,temporal,preserved,,before,True,True,False,False,False,False,False,True
temporal_style_2_006__base,temporal_style_2_006,base,Grace cleaned the spill after the lights failed.,temporal,temporal_style_2,test_template,test,dev,Grace,Liam,clean,,,temporal,preserved,,after,True,True,False,False,False,False,False,True
temporal_style_2_006__paraphrase,temporal_style_2_006,paraphrase,"Once the lights failed, Grace cleaned the spill.",temporal,temporal_style_2,test_template,test,dev,Grace,Liam,clean,,,temporal,preserved,,after,True,True,False,False,False,False,False,True
temporal_style_2_006__counterfactual,temporal_style_2_006,counterfactual,"Before the lights failed, Grace cleaned the spill.",temporal,temporal_style_2,test_template,test,dev,Grace,Liam,clean,,,temporal,preserved,,before,True,True,False,False,False,False,False,True
temporal_style_2_007__base,temporal_style_2_007,base,Hugo cleaned the spill after the lights failed.,temporal,temporal_style_2,test_template,test,dev,Hugo,Maya,clean,,,temporal,preserved,,after,True,True,False,False,False,False,False,True
temporal_style_2_007__paraphrase,temporal_style_2_007,paraphrase,"Once the lights failed, Hugo cleaned the spill.",temporal,temporal_style_2,test_template,test,dev,Hugo,Maya,clean,,,temporal,preserved,,after,True,True,False,False,False,False,False,True
temporal_style_2_007__counterfactual,temporal_style_2_007,counterfactual,"Before the lights failed, Hugo cleaned the spill.",temporal,temporal_style_2,test_template,test,dev,Hugo,Maya,clean,,,temporal,preserved,,before,True,True,False,False,False,False,False,True
temporal_style_2_008__base,temporal_style_2_008,base,Inez cleaned the spill after the lights failed.,temporal,temporal_style_2,test_template,test,dev,Inez,Noah,clean,,,temporal,preserved,,after,True,True,False,False,False,False,False,True
temporal_style_2_008__paraphrase,temporal_style_2_008,paraphrase,"Once the lights failed, Inez cleaned the spill.",temporal,temporal_style_2,test_template,test,dev,Inez,Noah,clean,,,temporal,preserved,,after,True,True,False,False,False,False,False,True
temporal_style_2_008__counterfactual,temporal_style_2_008,counterfactual,"Before the lights failed, Inez cleaned the spill.",temporal,temporal_style_2,test_template,test,dev,Inez,Noah,clean,,,temporal,preserved,,before,True,True,False,False,False,False,False,True
temporal_style_2_009__base,temporal_style_2_009,base,Jonah cleaned the spill after the lights failed.,temporal,temporal_style_2,test_template,test,dev,Jonah,Ava,clean,,,temporal,preserved,,after,True,True,False,False,False,False,False,True
temporal_style_2_009__paraphrase,temporal_style_2_009,paraphrase,"Once the lights failed, Jonah cleaned the spill.",temporal,temporal_style_2,test_template,test,dev,Jonah,Ava,clean,,,temporal,preserved,,after,True,True,False,False,False,False,False,True
temporal_style_2_009__counterfactual,temporal_style_2_009,counterfactual,"Before the lights failed, Jonah cleaned the spill.",temporal,temporal_style_2,test_template,test,dev,Jonah,Ava,clean,,,temporal,preserved,,before,True,True,False,False,False,False,False,True
temporal_style_2_010__base,temporal_style_2_010,base,Keira cleaned the spill after the lights failed.,temporal,temporal_style_2,test_template,test,dev,Keira,Ben,clean,,,temporal,preserved,,after,True,True,False,False,False,False,False,True
temporal_style_2_010__paraphrase,temporal_style_2_010,paraphrase,"Once the lights failed, Keira cleaned the spill.",temporal,temporal_style_2,test_template,test,dev,Keira,Ben,clean,,,temporal,preserved,,after,True,True,False,False,False,False,False,True
temporal_style_2_010__counterfactual,temporal_style_2_010,counterfactual,"Before the lights failed, Keira cleaned the spill.",temporal,temporal_style_2,test_template,test,dev,Keira,Ben,clean,,,temporal,preserved,,before,True,True,False,False,False,False,False,True
temporal_style_2_011__base,temporal_style_2_011,base,Liam cleaned the spill after the lights failed.,temporal,temporal_style_2,test_template,test,dev,Liam,Clara,clean,,,temporal,preserved,,after,True,True,False,False,False,False,False,True
temporal_style_2_011__paraphrase,temporal_style_2_011,paraphrase,"Once the lights failed, Liam cleaned the spill.",temporal,temporal_style_2,test_template,test,dev,Liam,Clara,clean,,,temporal,preserved,,after,True,True,False,False,False,False,False,True
temporal_style_2_011__counterfactual,temporal_style_2_011,counterfactual,"Before the lights failed, Liam cleaned the spill.",temporal,temporal_style_2,test_template,test,dev,Liam,Clara,clean,,,temporal,preserved,,before,True,True,False,False,False,False,False,True
temporal_style_2_012__base,temporal_style_2_012,base,Maya cleaned the spill after the lights failed.,temporal,temporal_style_2,test_template,test,dev,Maya,Diego,clean,,,temporal,preserved,,after,True,True,False,False,False,False,False,True
temporal_style_2_012__paraphrase,temporal_style_2_012,paraphrase,"Once the lights failed, Maya cleaned the spill.",temporal,temporal_style_2,test_template,test,dev,Maya,Diego,clean,,,temporal,preserved,,after,True,True,False,False,False,False,False,True
temporal_style_2_012__counterfactual,temporal_style_2_012,counterfactual,"Before the lights failed, Maya cleaned the spill.",temporal,temporal_style_2,test_template,test,dev,Maya,Diego,clean,,,temporal,preserved,,before,True,True,False,False,False,False,False,True
temporal_style_2_013__base,temporal_style_2_013,base,Noah cleaned the spill after the lights failed.,temporal,temporal_style_2,test_template,test,dev,Noah,Elena,clean,,,temporal,preserved,,after,True,True,False,False,False,False,False,True
temporal_style_2_013__paraphrase,temporal_style_2_013,paraphrase,"Once the lights failed, Noah cleaned the spill.",temporal,temporal_style_2,test_template,test,dev,Noah,Elena,clean,,,temporal,preserved,,after,True,True,False,False,False,False,False,True
temporal_style_2_013__counterfactual,temporal_style_2_013,counterfactual,"Before the lights failed, Noah cleaned the spill.",temporal,temporal_style_2,test_template,test,dev,Noah,Elena,clean,,,temporal,preserved,,before,True,True,False,False,False,False,False,True
temporal_style_2_014__base,temporal_style_2_014,base,Priya cleaned the spill after the lights failed.,temporal,temporal_style_2,test_both,test,test,Priya,Victor,clean,,,temporal,preserved,,after,False,False,False,False,False,False,False,True
temporal_style_2_014__paraphrase,temporal_style_2_014,paraphrase,"Once the lights failed, Priya cleaned the spill.",temporal,temporal_style_2,test_both,test,test,Priya,Victor,clean,,,temporal,preserved,,after,False,False,False,False,False,False,False,True
temporal_style_2_014__counterfactual,temporal_style_2_014,counterfactual,"Before the lights failed, Priya cleaned the spill.",temporal,temporal_style_2,test_both,test,test,Priya,Victor,clean,,,temporal,preserved,,before,False,False,False,False,False,False,False,True
temporal_style_2_015__base,temporal_style_2_015,base,Owen cleaned the spill after the lights failed.,temporal,temporal_style_2,test_both,test,test,Owen,Priya,clean,,,temporal,preserved,,after,False,False,False,False,False,False,False,True
temporal_style_2_015__paraphrase,temporal_style_2_015,paraphrase,"Once the lights failed, Owen cleaned the spill.",temporal,temporal_style_2,test_both,test,test,Owen,Priya,clean,,,temporal,preserved,,after,False,False,False,False,False,False,False,True
temporal_style_2_015__counterfactual,temporal_style_2_015,counterfactual,"Before the lights failed, Owen cleaned the spill.",temporal,temporal_style_2,test_both,test,test,Owen,Priya,clean,,,temporal,preserved,,before,False,False,False,False,False,False,False,True
temporal_style_2_016__base,temporal_style_2_016,base,Rosa cleaned the spill after the lights failed.,temporal,temporal_style_2,test_both,test,test,Rosa,Owen,clean,,,temporal,preserved,,after,False,False,False,False,False,False,False,True
temporal_style_2_016__paraphrase,temporal_style_2_016,paraphrase,"Once the lights failed, Rosa cleaned the spill.",temporal,temporal_style_2,test_both,test,test,Rosa,Owen,clean,,,temporal,preserved,,after,False,False,False,False,False,False,False,True
temporal_style_2_016__counterfactual,temporal_style_2_016,counterfactual,"Before the lights failed, Rosa cleaned the spill.",temporal,temporal_style_2,test_both,test,test,Rosa,Owen,clean,,,temporal,preserved,,before,False,False,False,False,False,False,False,True
temporal_style_2_017__base,temporal_style_2_017,base,Theo cleaned the spill after the lights failed.,temporal,temporal_style_2,test_both,test,test,Theo,Rosa,clean,,,temporal,preserved,,after,False,False,False,False,False,False,False,True
temporal_style_2_017__paraphrase,temporal_style_2_017,paraphrase,"Once the lights failed, Theo cleaned the spill.",temporal,temporal_style_2,test_both,test,test,Theo,Rosa,clean,,,temporal,preserved,,after,False,False,False,False,False,False,False,True
temporal_style_2_017__counterfactual,temporal_style_2_017,counterfactual,"Before the lights failed, Theo cleaned the spill.",temporal,temporal_style_2,test_both,test,test,Theo,Rosa,clean,,,temporal,preserved,,before,False,False,False,False,False,False,False,True
temporal_style_2_018__base,temporal_style_2_018,base,Uma cleaned the spill after the lights failed.,temporal,temporal_style_2,test_both,test,test,Uma,Theo,clean,,,temporal,preserved,,after,False,False,False,False,False,False,False,True
temporal_style_2_018__paraphrase,temporal_style_2_018,paraphrase,"Once the lights failed, Uma cleaned the spill.",temporal,temporal_style_2,test_both,test,test,Uma,Theo,clean,,,temporal,preserved,,after,False,False,False,False,False,False,False,True
temporal_style_2_018__counterfactual,temporal_style_2_018,counterfactual,"Before the lights failed, Uma cleaned the spill.",temporal,temporal_style_2,test_both,test,test,Uma,Theo,clean,,,temporal,preserved,,before,False,False,False,False,False,False,False,True
temporal_style_2_019__base,temporal_style_2_019,base,Victor cleaned the spill after the lights failed.,temporal,temporal_style_2,test_both,test,test,Victor,Uma,clean,,,temporal,preserved,,after,False,False,False,False,False,False,False,True
temporal_style_2_019__paraphrase,temporal_style_2_019,paraphrase,"Once the lights failed, Victor cleaned the spill.",temporal,temporal_style_2,test_both,test,test,Victor,Uma,clean,,,temporal,preserved,,after,False,False,False,False,False,False,False,True
temporal_style_2_019__counterfactual,temporal_style_2_019,counterfactual,"Before the lights failed, Victor cleaned the spill.",temporal,temporal_style_2,test_both,test,test,Victor,Uma,clean,,,temporal,preserved,,before,False,False,False,False,False,False,False,True
